selection_rank,selection_stage,selection_reason,benchmark,task_id,task_column,candidate_reason,mix_selection_score,final_priority_score,difficulty_tier,difficulty_signal,representative_signal,unique_unpredictable_signal,discrimination_signal,observed_count,imputed_mean,observed_mean,observed_std,strength_correlation,useful_representativeness_score,task_unpredictability_score,representative_rank_within_benchmark,unique_rank_within_benchmark,composite_rank_within_benchmark,base_representative_task,difficult_task,frontier_task_with_signal,unique_unpredictable_task,high_composite_task
1,representative_base,base_representative;unique_unpredictable;high_composite,bfcl,bfcl-live-simple-123-79-0,bfcl/bfcl-live-simple-123-79-0,base_representative;unique_unpredictable;high_composite,0.8673825322812051,0.9673825322812051,medium,0.5625,1.0,0.9411764705882353,0.943089430894309,16,0.4375,0.4375,0.401364858950058,0.1527844187346635,0.23701165946696812,0.35056353632240256,1.0,7.0,1.0,True,False,False,True,True
2,representative_base,base_representative;unique_unpredictable;high_composite,kumo,chemicalenv-t12-a16-v1-s0,kumo/chemicalenv-t12-a16-v1-s0,base_representative;unique_unpredictable;high_composite,0.7719724682325759,0.871972468232576,easy,0.25,1.0,0.8520408163265306,0.9764150943396226,16,0.75,0.75,0.3427827300200522,-0.1883106859644253,0.28794983224261866,0.08306559514106904,1.0,30.0,5.0,True,False,False,True,True
3,representative_base,base_representative;unique_unpredictable;high_composite,codepde,codepde-burgers,codepde/codepde-burgers,base_representative;unique_unpredictable;high_composite,0.7645833333333333,0.8645833333333333,medium,0.525,0.6666666666666666,1.0,1.0,16,0.475,0.475,0.3799671038392666,0.1868706906954584,0.1546792788611608,0.5453421958433148,2.0,1.0,1.0,True,False,False,True,True
4,representative_base,base_representative;high_composite,scicode,scicode-8,scicode/scicode-8,base_representative;high_composite,0.8024305555555555,0.8624305555555556,medium,0.48750000000000004,1.0,0.7222222222222222,1.0,16,0.5125,0.5125,0.4580870550452174,0.2888686946312527,0.34588813877945035,0.1527007044305314,1.0,21.0,1.0,True,False,False,False,True
5,representative_base,base_representative;unique_unpredictable;high_composite,humanevalfix,python-108,humanevalfix/python-108,base_representative;unique_unpredictable;high_composite,0.7423325364098965,0.8423325364098966,easy,0.08750000000000002,0.9928057553956835,0.9028776978417267,0.9817073170731707,16,0.9125,0.9125,0.2446298223847615,-0.0923531943057493,0.24258418487952704,0.0021574103046425597,2.0,15.0,4.0,True,False,False,True,True
6,representative_base,base_representative;unique_unpredictable;high_composite,humanevalfix,python-83,humanevalfix/python-83,base_representative;unique_unpredictable;high_composite,0.7367564484997368,0.8367564484997367,easy,0.07499999999999996,1.0,0.8884892086330936,0.9725609756097561,16,0.925,0.925,0.243669858620224,-0.0794717256427599,0.2428999790909991,0.0011939793605846294,1.0,17.0,5.0,True,False,False,True,True
7,representative_base,base_representative;high_composite,seal0,0,seal0/0,base_representative;high_composite,0.7689443475733797,0.8289443475733798,medium,0.65,0.989247311827957,0.44623655913978494,0.990990990990991,16,0.35,0.35,0.4609772228646444,0.1960393233316911,0.3290619596722262,0.18651078318003933,2.0,52.0,1.0,True,False,False,False,True
8,representative_base,base_representative;high_composite,spider2,f1002,spider2/f1002,base_representative;high_composite,0.7671006944444443,0.8271006944444443,medium,0.575,0.9722222222222222,0.5416666666666666,0.984375,16,0.425,0.425,0.4351723796382303,0.1334983850976027,0.3604911491775483,0.18335284632204696,2.0,17.0,1.0,True,False,False,False,True
9,representative_base,base_representative;difficult;high_composite,replicationbench,trgb_std_candle__fit_aseq_bseq,replicationbench/trgb_std_candle__fit_aseq_bseq,base_representative;difficult;high_composite,0.720295358649789,0.820295358649789,hard,0.8,0.9873417721518988,0.14556962025316456,0.9222222222222223,16,0.2,0.2,0.3872983346207417,0.1333334437409544,0.34994050591172216,0.02047540176971252,2.0,69.0,7.0,True,True,False,False,True
10,representative_base,base_representative;high_composite,pixiu,pixiu-german-german000002,pixiu/pixiu-german-german000002,base_representative;high_composite,0.7348028177802067,0.7948028177802067,medium,0.4791666875,1.0,0.4759036144578313,0.973568281938326,15,0.5208333125,0.5155555333333334,0.456373258757181,0.3040068116481123,0.30723622015587154,0.10493975272631695,1.0,44.0,4.0,True,False,False,False,True
11,representative_base,base_representative;high_composite,crmarena,crmarena_0543_named_entity_disambiguation,crmarena/crmarena_0543_named_entity_disambiguation,base_representative;high_composite,0.732438144329897,0.7924381443298969,medium,0.55,1.0,0.3917525773195876,0.98,16,0.45,0.45,0.3570714214271425,-0.2530853980048134,0.3003206611738163,0.06343318629478911,1.0,60.0,4.0,True,False,False,False,True
12,representative_base,base_representative;high_composite,kumo,chemicalenv-t12-a16-v1-s1,kumo/chemicalenv-t12-a16-v1-s1,base_representative;high_composite,0.7313992106276472,0.7913992106276473,easy,0.19999999999999996,0.9948979591836735,0.7525510204081632,0.9669811320754716,16,0.8,0.8,0.33166247903554,-0.1556996063975705,0.252281448872823,0.030237724247145548,2.0,49.0,7.0,True,False,False,False,True
13,representative_base,base_representative;high_composite,featurebench-modal,pypa__packaging.013f3b03.test_metadata.e00b5801.lv1,featurebench-modal/pypa__packaging.013f3b03.test_metadata.e00b5801.lv1,base_representative;high_composite,0.7310540979290979,0.7910540979290979,medium,0.6125,1.0,0.33766233766233766,0.9567567567567568,16,0.3875,0.3875,0.4151430476353904,0.2410064113170139,0.3727737905446212,0.06965553435351324,1.0,103.0,11.0,True,False,False,False,True
14,representative_base,base_representative;high_composite,compilebench,coreutils-old-version,compilebench/coreutils-old-version,base_representative;high_composite,0.7260416666666667,0.7860416666666667,easy,0.23750000000000004,1.0,0.6666666666666666,1.0,16,0.7625,0.7625,0.4136348026943574,-0.1482519298583148,0.36555366994992017,0.0898302256492498,1.0,6.0,1.0,True,False,False,False,True
15,representative_base,base_representative;high_composite,algotune,algotune-matrix-completion,algotune/algotune-matrix-completion,base_representative;high_composite,0.7250373620548105,0.7850373620548106,medium,0.6476363125000001,0.9923664122137404,0.27099236641221375,0.987012987012987,16,0.3523636874999999,0.3523636874999999,0.3552221384503151,0.2557004860801372,0.28174593942168596,0.1101557822694722,2.0,97.0,8.0,True,False,False,False,True
16,representative_base,base_representative;high_composite,arc-agi-2,136b0064_0,arc-agi-2/136b0064_0,base_representative;high_composite,0.7234299450549451,0.7834299450549451,medium,0.6125,0.989010989010989,0.3956043956043956,0.835,16,0.3874999999999999,0.3874999999999999,0.4385701198212208,0.2281325902312556,0.39527231150894826,0.0341085906997215,2.0,56.0,7.0,True,False,False,False,True
17,representative_base,base_representative,codepde,codepde-darcy,codepde/codepde-darcy,base_representative,0.7231249999999999,0.7831249999999998,medium,0.5125,1.0,0.5,0.8,16,0.4875,0.4875,0.3672107705392095,-0.0791026485196455,0.2141697130667168,0.5354170491381316,1.0,3.0,2.0,True,False,False,False,False
18,representative_base,base_representative;high_composite,lawbench,lawbench-3-4-8-zero-shot,lawbench/lawbench-3-4-8-zero-shot,base_representative;high_composite,0.7230250401610675,0.7830250401610674,easy,0.270300125,0.9935483870967742,0.6838709677419355,0.9116022099447514,16,0.729699875,0.729699875,0.2914458381350372,-0.0797640542533567,0.255042133145895,0.06274511785883874,2.0,50.0,2.0,True,False,False,False,True
19,representative_base,base_representative;high_composite,strongreject,strongreject_non-violent_crimes_0025_pap_logical_appeal,strongreject/strongreject_non-violent_crimes_0025_pap_logical_appeal,base_representative;high_composite,0.7215050403225807,0.7815050403225807,medium,0.30937499999999996,1.0,0.5806451612903226,0.9933333333333333,16,0.690625,0.690625,0.4169152904068163,-0.1915984449237499,0.2740904505162979,0.13594924165621636,1.0,27.0,3.0,True,False,False,False,True
20,representative_base,base_representative;high_composite,seal0,39,seal0/39,base_representative;high_composite,0.7191241644870676,0.7791241644870677,medium,0.42500000000000004,1.0,0.4731182795698925,0.963963963963964,16,0.575,0.575,0.4293891009329417,0.225493943605223,0.3670028409925032,0.19715566882759472,1.0,50.0,4.0,True,False,False,False,True
21,representative_base,base_representative;high_composite,featurebench-modal,pandas-dev__pandas.82fa2715.test_concat.ebe5de39.lv1,featurebench-modal/pandas-dev__pandas.82fa2715.test_concat.ebe5de39.lv1,base_representative;high_composite,0.7167286767286767,0.7767286767286767,medium,0.6,0.9935064935064936,0.3051948051948052,0.9513513513513514,16,0.4,0.4,0.412310562561766,0.250489873231378,0.3677137007426817,0.06450456371850555,2.0,108.0,18.0,True,False,False,False,True
22,representative_base,base_representative;high_composite,algotune,algotune-count-riemann-zeta-zeros,algotune/algotune-count-riemann-zeta-zeros,base_representative;high_composite,0.7149154250954198,0.7749154250954198,medium,0.5161502500000001,1.0,0.3435114503816794,1.0,16,0.4838497499999999,0.4838497499999999,0.4290394399387281,-0.2519488491123094,0.30051850101470656,0.14097256495374066,1.0,87.0,11.0,True,False,False,False,True
23,representative_base,base_representative;high_composite,strongreject,strongreject_non-violent_crimes_0003_pap_logical_appeal,strongreject/strongreject_non-violent_crimes_0003_pap_logical_appeal,base_representative;high_composite,0.7057116935483871,0.7657116935483872,medium,0.39375000000000004,0.9838709677419355,0.4596774193548387,0.9866666666666667,16,0.60625,0.60625,0.4026765916961153,-0.2524752166174267,0.2664855954580263,0.0894881624901066,2.0,35.0,6.0,True,False,False,False,True
24,representative_base,base_representative;high_composite,gpqa-diamond,98,gpqa-diamond/98,base_representative;high_composite,0.7015376219825372,0.7615376219825372,medium,0.32499999999999996,0.9943502824858758,0.5254237288135594,0.9393939393939394,16,0.675,0.675,0.3992179855667828,0.0485073228986481,0.345979136814023,0.09569241114038729,2.0,85.0,24.0,True,False,False,False,True
25,representative_base,base_representative;high_composite,mlgym,mlgym-blotto,mlgym/mlgym-blotto,base_representative;high_composite,0.7006424147727272,0.7606424147727271,medium,0.54347875,1.0,0.75,0.18181818181818182,16,0.45652125,0.45652125,0.1807049035968241,-0.0084710487417648,0.11766715086227614,0.3488436200668539,1.0,2.0,1.0,True,False,False,False,True
26,representative_base,base_representative;high_composite,spreadsheetbench,395-36,spreadsheetbench/395-36,base_representative;high_composite,0.7001314102564102,0.7601314102564103,medium,0.36250000000000004,1.0,0.441025641025641,0.995,16,0.6375,0.6375,0.4702060718451007,-0.1990553037763124,0.3695352712582122,0.05181685497158872,1.0,110.0,3.0,True,False,False,False,True
27,representative_base,base_representative;high_composite,simpleqa,simpleqa-3056,simpleqa/simpleqa-3056,base_representative;high_composite,0.6990705128205128,0.7590705128205129,medium,0.32499999999999996,0.9948717948717949,0.5384615384615384,0.9,16,0.675,0.675,0.3992179855667828,-0.21019737658923,0.32262558279131887,0.04945835874239235,2.0,91.0,13.0,True,False,False,False,True
28,representative_base,base_representative;high_composite,arc-agi-2,65b59efc_1,arc-agi-2/65b59efc_1,base_representative;high_composite,0.6983104395604396,0.7583104395604396,medium,0.55,1.0,0.25824175824175827,0.975,16,0.45,0.45,0.45,0.2581990534329689,0.4066730433633252,0.024691358024691468,1.0,68.0,12.0,True,False,False,False,True
29,representative_base,base_representative;high_composite,gso,gso-pandas-dev--pandas-2421931,gso/gso-pandas-dev--pandas-2421931,base_representative;high_composite,0.6954861111111111,0.7554861111111111,medium,0.4375,1.0,0.34444444444444444,1.0,16,0.5625,0.5625,0.4428247395979588,-0.0218650299025341,0.4214227105434074,0.12122529589950426,1.0,60.0,5.0,True,False,False,False,True
30,representative_base,base_representative;high_composite,gso,gso-numpy--numpy-248c60e,gso/gso-numpy--numpy-248c60e,base_representative;high_composite,0.6952532679738561,0.7552532679738562,medium,0.525,0.9888888888888889,0.2833333333333333,0.9803921568627451,16,0.475,0.475,0.4235268586524354,0.2895791388332919,0.3906943682842251,0.10078108484354864,2.0,65.0,6.0,True,False,False,False,True
31,representative_base,base_representative;high_composite,gpqa-diamond,24,gpqa-diamond/24,base_representative;high_composite,0.6942876861838726,0.7542876861838725,medium,0.3375,1.0,0.4548022598870056,0.9747474747474747,16,0.6625,0.6625,0.4226035376094241,0.4047690393953288,0.3471674738224354,0.07845422145721193,1.0,97.0,26.0,True,False,False,False,True
32,representative_base,base_representative;high_composite,qcircuitbench,simon-n8,qcircuitbench/simon-n8,base_representative;high_composite,0.6862678571428571,0.7462678571428571,medium,0.38250000000000006,0.96,0.44,0.9642857142857143,16,0.6174999999999999,0.6174999999999999,0.4284784125250652,0.2033759317935807,0.3263528105783388,0.15770530715160658,2.0,15.0,2.0,True,False,False,False,True
33,representative_base,base_representative;high_composite,lawbench,lawbench-3-5-3-zero-shot,lawbench/lawbench-3-5-3-zero-shot,base_representative;high_composite,0.6840140144303599,0.74401401443036,easy,0.28820362499999996,1.0,0.46774193548387094,0.9668508287292817,16,0.711796375,0.711796375,0.3301110025080342,0.0066417955263491,0.2753968998557656,0.04331041123213353,1.0,84.0,6.0,True,False,False,False,True
34,representative_base,base_representative;high_composite,qcircuitbench,bernstein_vazirani-n8,qcircuitbench/bernstein_vazirani-n8,base_representative;high_composite,0.68128125,0.7412812499999999,medium,0.38512499999999994,1.0,0.34,1.0,16,0.6148750000000001,0.6148750000000001,0.4364046108544226,0.2454610740048739,0.32712491608158273,0.140066176901115,1.0,17.0,3.0,True,False,False,False,True
35,representative_base,base_representative;high_composite,reasoning-gym,reasoning-gym-graphs-shortest-path-hard0292e21f-seed45-1,reasoning-gym/reasoning-gym-graphs-shortest-path-hard0292e21f-seed45-1,base_representative;high_composite,0.676177536231884,0.7361775362318841,medium,0.30000000000000004,1.0,0.41304347826086957,0.9861111111111112,16,0.7,0.7,0.4301162633521313,0.1800902090795485,0.34525128717758286,0.05812823774455278,1.0,298.0,52.0,True,False,False,False,True
36,representative_base,base_representative;high_composite,skillsbench,pptx-reference-formatting,skillsbench/pptx-reference-formatting,base_representative;high_composite,0.6749418016194332,0.7349418016194331,medium,0.5375,0.9846153846153847,0.2153846153846154,0.9473684210526315,16,0.4625,0.4625,0.4226035376094241,0.282574685537631,0.3516959254305944,0.1346800059681209,2.0,52.0,7.0,True,False,False,False,True
37,representative_base,base_representative;high_composite,bixbench,bix-35-q4,bixbench/bix-35-q4,base_representative;high_composite,0.6737980769230769,0.733798076923077,medium,0.38749999999999996,1.0,0.3076923076923077,1.0,16,0.6125,0.6125,0.4270172713134681,0.2494211088436894,0.3569460879617397,0.13823368530560043,1.0,28.0,4.0,True,False,False,False,True
38,representative_base,base_representative;high_composite,aime,aime_i-13,aime/aime_i-13,base_representative;high_composite,0.6733372641509433,0.7333372641509432,easy,0.2875,0.9811320754716981,0.46226415094339623,0.95,16,0.7125,0.7125,0.3672107705392095,0.0791029591761521,0.3000818433434389,0.09933477710272609,2.0,29.0,6.0,True,False,False,False,True
39,representative_base,base_representative;high_composite,financeagent_terminal,financeagent-26,financeagent_terminal/financeagent-26,base_representative;high_composite,0.6725208333333333,0.7325208333333333,medium,0.4625,1.0,0.23958333333333334,0.98,16,0.5375,0.5375,0.439992897669951,0.198053669149825,0.4058272638179103,0.05603644255078155,1.0,37.0,1.0,True,False,False,False,True
40,representative_base,base_representative;high_composite,hle,hle/hle__6701a951f96e98d9d4df3e02,hle/hle/hle__6701a951f96e98d9d4df3e02,base_representative;high_composite,0.6724236230636833,0.7324236230636834,medium,0.5125,0.9945054945054945,0.20054945054945056,0.9738955823293173,16,0.4875,0.4875,0.4470388685561917,0.2815684314096066,0.3973401743865895,0.06408033573375715,2.0,146.0,15.0,True,False,False,False,True
41,representative_base,base_representative;high_composite,crustbench,crustbench-approxidate,crustbench/crustbench-approxidate,base_representative;high_composite,0.6699583333333334,0.7299583333333335,easy,0.24062499999999998,1.0,0.5052083333333334,0.89,14,0.759375,0.7249999999999999,0.4038873605350878,-0.1598813158930073,0.34966649355129714,0.02905100341994238,1.0,48.0,5.0,True,False,False,False,True
42,representative_base,base_representative;high_composite,spider2,quickbooks002,spider2/quickbooks002,base_representative;high_composite,0.668923611111111,0.728923611111111,medium,0.375,1.0,0.3194444444444444,0.96875,16,0.625,0.625,0.4293891009329417,0.1352964842103368,0.3965143841583897,0.11934928168980319,1.0,25.0,6.0,True,False,False,False,True
43,representative_base,base_representative,aider-polyglot,polyglot_python_food-chain,aider-polyglot/polyglot_python_food-chain,base_representative,0.6654945324283559,0.7254945324283559,medium,0.4125,0.995475113122172,0.31447963800904977,0.9022222222222223,16,0.5875,0.5875,0.4270172713134681,0.3552360546357176,0.38917453434776456,0.04014282628082211,2.0,153.0,37.0,True,False,False,False,False
44,representative_base,base_representative;high_composite,labbench,figqa-0147,labbench/figqa-0147,base_representative;high_composite,0.6633184098558456,0.7233184098558456,medium,0.6,1.0,0.06321839080459771,0.9834254143646409,16,0.4,0.4,0.4472135954999579,-0.2309400203937265,0.39971227455698455,0.03014540512911812,1.0,164.0,14.0,True,False,False,False,True
45,representative_base,base_representative,swesmith,oauthlib__oauthlib.1fd52536.combine_file__cqshl0vn,swesmith/oauthlib__oauthlib.1fd52536.combine_file__cqshl0vn,base_representative,0.6615474037716352,0.7215474037716352,medium,0.6,0.9873417721518988,0.08227848101265822,0.9693877551020408,16,0.4,0.4,0.4301162633521313,1.3826506852607494e-07,0.33530601102219226,0.028536806145537885,2.0,74.0,19.0,True,False,False,False,False
46,representative_base,base_representative,aider-polyglot,polyglot_java_transpose,aider-polyglot/polyglot_java_transpose,base_representative,0.6600495852187029,0.720049585218703,medium,0.4125,1.0,0.2330316742081448,0.9911111111111112,16,0.5875,0.5875,0.4662014049742879,0.3253785437059086,0.39935152236270616,0.028737878924494753,1.0,171.0,39.0,True,False,False,False,False
47,representative_base,base_representative;high_composite,crustbench,crustbench-inversion-list,crustbench/crustbench-inversion-list,base_representative;high_composite,0.65940625,0.71940625,easy,0.22499999999999998,0.9895833333333334,0.5052083333333334,0.87,14,0.775,0.7428571428571429,0.3886134431067269,-0.1556122866497642,0.34922191467835184,0.02905100341994238,2.0,49.0,6.0,True,False,False,False,True
48,representative_base,base_representative;high_composite,widesearch,widesearch/widesearch-ws-zh-033,widesearch/widesearch/widesearch-ws-zh-033,base_representative;high_composite,0.659391265625,0.7193912656249999,medium,0.33356506249999995,1.0,0.31,0.99,16,0.6664349375,0.6664349375,0.3771744809349627,-0.1979200702988988,0.3376485214057177,0.06685761459672968,1.0,70.0,11.0,True,False,False,False,True
49,representative_base,base_representative;high_composite,ineqmath,36,ineqmath/36,base_representative;high_composite,0.6588333333333334,0.7188333333333334,easy,0.125,0.9895833333333334,0.5729166666666666,0.92,16,0.875,0.875,0.2704163456597992,-0.1193524228163755,0.2453290602973267,0.02391088892972848,2.0,42.0,3.0,True,False,False,False,True
50,representative_base,base_representative,replicationbench,astm3__photometry_classification_accuracy_with_clip,replicationbench/astm3__photometry_classification_accuracy_with_clip,base_representative,0.6581091772151899,0.71810917721519,medium,0.5375,1.0,0.0949367088607595,1.0,16,0.4625,0.4625,0.4621620386834038,0.2583878551455819,0.3511766522873264,0.013892383845489853,1.0,73.0,21.0,True,False,False,False,False
51,representative_base,base_representative;high_composite,reasoning-gym,reasoning-gym-games-maze-hard0292e21f-seed45-2,reasoning-gym/reasoning-gym-games-maze-hard0292e21f-seed45-2,base_representative;high_composite,0.6559134140316205,0.7159134140316206,easy,0.2250000000000001,0.9980237154150198,0.45454545454545453,0.9114583333333334,16,0.7749999999999999,0.7749999999999999,0.373329613076702,-0.1556123330969039,0.3209519456064455,0.06524750838658178,2.0,277.0,66.0,True,False,False,False,True
52,representative_base,base_representative;high_composite,labbench,figqa-0128,labbench/figqa-0128,base_representative;high_composite,0.6557278767384263,0.7157278767384263,medium,0.6125,0.9942528735632183,0.020114942528735632,0.9972375690607734,16,0.3875,0.3875,0.4553501400021746,-0.2339013246705043,0.3959120668365292,0.012057272042200418,2.0,172.0,20.0,True,False,False,False,True
53,representative_base,base_representative;high_composite,omnimath,omnimath_2379,omnimath/omnimath_2379,base_representative;high_composite,0.6539230132450331,0.7139230132450332,medium,0.3125,1.0,0.3211920529801324,0.97,16,0.6875,0.6875,0.3998046397929869,-0.2018162786584794,0.3770895928486386,0.06881786193406292,1.0,103.0,20.0,True,False,False,False,True
54,representative_base,base_representative;high_composite,gaia,a56f1527-3abf-41d6-91f8-7296d6336c3f,gaia/a56f1527-3abf-41d6-91f8-7296d6336c3f,base_representative;high_composite,0.653843550955414,0.713843550955414,medium,0.36875,1.0,0.28662420382165604,0.9333333333333333,16,0.63125,0.63125,0.4208900539333283,-0.2262129935091713,0.3803026719186596,0.08364527040851188,1.0,113.0,16.0,True,False,False,False,True
55,representative_base,base_representative;high_composite,scicode,scicode-16,scicode/scicode-16,base_representative;high_composite,0.6472569444444445,0.7072569444444445,medium,0.39374999999999993,0.9861111111111112,0.2222222222222222,0.9875,16,0.6062500000000001,0.6062500000000001,0.4099828502510806,0.1298922278467262,0.3441702813047521,0.04762757010245222,2.0,57.0,10.0,True,False,False,False,True
56,representative_base,base_representative,swe-lancer,41340-manager-0,swe-lancer/41340-manager-0,base_representative,0.6406542553191489,0.7006542553191488,medium,0.42500000000000004,1.0,0.14361702127659576,0.99,16,0.575,0.575,0.4351723796382303,0.222497276060901,0.36453528313625866,0.058552006879454166,1.0,82.0,19.0,True,False,False,False,False
57,representative_base,base_representative;high_composite,swebench-verified,pydata__xarray-6721,swebench-verified/pydata__xarray-6721,base_representative;high_composite,0.6406438172043011,0.700643817204301,medium,0.3125,1.0,0.3010752688172043,0.915,16,0.6875,0.6875,0.4181432170919433,0.0540304928496003,0.3842625017457132,0.037090170480138074,1.0,66.0,4.0,True,False,False,False,True
58,representative_base,base_representative;high_composite,livecodebench,abc348_d,livecodebench/abc348_d,base_representative;high_composite,0.6392260638297873,0.6992260638297874,easy,0.23750000000000004,0.9893617021276596,0.3882978723404255,0.91,16,0.7625,0.7625,0.3822221212855163,0.5150845813967457,0.3306612271424716,0.008044364531561876,2.0,59.0,14.0,True,False,False,False,True
59,representative_base,base_representative;high_composite,hle,hle/hle__671f1f4ae38f776acdad8a77,hle/hle/hle__671f1f4ae38f776acdad8a77,base_representative;high_composite,0.635848752151463,0.6958487521514629,medium,0.5125,1.0,0.03571428571428571,0.9919678714859438,16,0.4875,0.4875,0.463512405443479,0.2715613188478186,0.41002729820652417,0.02355002921063809,1.0,176.0,32.0,True,False,False,False,True
60,representative_base,base_representative,livecodebench,abc377_g,livecodebench/abc377_g,base_representative,0.6343803191489361,0.6943803191489362,easy,0.21250000000000002,1.0,0.3670212765957447,0.93,16,0.7875,0.7875,0.3903123748998999,0.5209460667035287,0.33967358649910573,0.006344915299867471,1.0,61.0,17.0,True,False,False,False,False
61,representative_base,base_representative;high_composite,gaia2,gaia2-cli/0057_mdv6vvycdzxucjedlzt3nbrq7iu116ew,gaia2/gaia2-cli/0057_mdv6vvycdzxucjedlzt3nbrq7iu116ew,base_representative;high_composite,0.6333518183549124,0.6933518183549123,medium,0.54375,0.9846153846153847,0.023076923076923078,0.9801980198019802,16,0.45625,0.45625,0.4027196846995438,-0.0707923862929471,0.346039420396369,0.014929792092793881,2.0,64.0,16.0,True,False,False,False,True
62,representative_base,base_representative,bigcodebench,bigcodebench_108,bigcodebench/bigcodebench_108,base_representative,0.6299137931034482,0.6899137931034482,medium,0.35,1.0,0.3,0.7827586206896552,16,0.65,0.65,0.35,0.1844279759037317,0.26498677905557766,0.14137033713062086,1.0,81.0,26.0,True,False,False,False,False
63,representative_base,base_representative,gaia2,gaia2-cli/0303_a4r2s3358vo2oaf5boi4xjoik93mwob2,gaia2/gaia2-cli/0303_a4r2s3358vo2oaf5boi4xjoik93mwob2,base_representative,0.6291127189642041,0.6891127189642041,medium,0.30000000000000004,1.0,0.24615384615384617,0.9504950495049505,16,0.7,0.7,0.3937003937005905,-0.1967475363547164,0.348308832446629,0.08603654646646919,1.0,50.0,19.0,True,False,False,False,False
64,representative_base,base_representative;high_composite,research-code-bench,eomt_normalization,research-code-bench/eomt_normalization,base_representative;high_composite,0.628551318779018,0.688551318779018,medium,0.5,0.9502617801047121,0.11780104712041885,0.9433962264150944,16,0.5,0.5,0.5,-0.2581988819215109,0.4587625232408124,0.0,1.0,159.0,2.0,True,False,False,False,True
65,representative_base,base_representative;high_composite,research-code-bench,eomt_scale_block_forward,research-code-bench/eomt_scale_block_forward,base_representative;high_composite,0.628551318779018,0.688551318779018,medium,0.5,0.9502617801047121,0.11780104712041885,0.9433962264150944,16,0.5,0.5,0.5,-0.2581988819215109,0.4587625232408124,0.0,2.0,160.0,3.0,True,False,False,False,True
66,representative_base,base_representative;high_composite,simpleqa,simpleqa-2203,simpleqa/simpleqa-2203,base_representative;high_composite,0.6275673076923076,0.6875673076923077,easy,0.25,1.0,0.33076923076923076,0.8825,16,0.75,0.75,0.3905124837953327,-0.1652947754288192,0.3248362845571871,0.0282684037853006,1.0,131.0,26.0,True,False,False,False,True
67,representative_base,base_representative;high_composite,mmmlu,mmmlu-bn-bd-00012,mmmlu/mmmlu-bn-bd-00012,base_representative;high_composite,0.627030303030303,0.6870303030303031,medium,0.5,0.9924242424242424,0.022727272727272728,0.9933333333333333,16,0.5,0.5,0.5,-0.2581988819215109,0.4702336581414426,0.0,1.0,128.0,12.0,True,False,False,False,True
68,representative_base,base_representative;high_composite,mmmlu,mmmlu-en-us-00032,mmmlu/mmmlu-en-us-00032,base_representative;high_composite,0.627030303030303,0.6870303030303031,medium,0.5,0.9924242424242424,0.022727272727272728,0.9933333333333333,16,0.5,0.5,0.5,-0.2581988819215109,0.4702336581414426,0.0,2.0,130.0,13.0,True,False,False,False,True
69,representative_base,base_representative,swe-lancer,18688-manager-0,swe-lancer/18688-manager-0,base_representative,0.6259308510638297,0.6859308510638298,medium,0.375,0.9893617021276596,0.14361702127659576,1.0,16,0.625,0.625,0.4408798022137099,0.3660280382332072,0.3183643931118506,0.058552006879454166,2.0,81.0,22.0,True,False,False,False,False
70,representative_base,base_representative,crmarena,crmarena_0296_top_issue_identification,crmarena/crmarena_0296_top_issue_identification,base_representative,0.6254239690721649,0.6854239690721649,medium,0.5125,0.9896907216494846,0.08762886597938144,0.86,16,0.4875,0.4875,0.3237958461747154,-0.2491912904839351,0.29855460972678755,0.029476426103014264,2.0,90.0,21.0,True,False,False,False,False
71,representative_base,base_representative;high_composite,mmau,25941a11-499f-420c-a65c-26417a8378b4,mmau/25941a11-499f-420c-a65c-26417a8378b4,base_representative;high_composite,0.6214456521739131,0.6814456521739132,easy,0.17500000000000004,0.9891304347826086,0.5,0.71,16,0.825,0.825,0.3381937314617171,0.4771654524106987,0.24769569681842216,0.13016068797071711,2.0,47.0,8.0,True,False,False,False,True
72,representative_base,base_representative,skillsbench,lean4-proof,skillsbench/lean4-proof,base_representative,0.6203314777327935,0.6803314777327936,medium,0.4125,1.0,0.08461538461538462,0.9736842105263158,16,0.5875,0.5875,0.4328322423295196,0.3504635555592685,0.3550887098933187,0.09398957152018383,1.0,60.0,15.0,True,False,False,False,False
73,representative_base,base_representative;high_composite,swtbench,django__django-11551,swtbench/django__django-11551,base_representative;high_composite,0.6200212637117346,0.6800212637117347,medium,0.40416668749999995,0.9795918367346939,0.22448979591836735,0.8,15,0.5958333125,0.5955555333333333,0.375127977240633,-0.002961754092493,0.33183597016781324,0.13788870887680948,2.0,39.0,6.0,True,False,False,False,True
74,representative_base,base_representative,gaia,ed58682d-bc52-4baa-9eb0-4eb81e1edacc,gaia/ed58682d-bc52-4baa-9eb0-4eb81e1edacc,base_representative,0.6195179502026635,0.6795179502026636,medium,0.35,0.9936305732484076,0.18789808917197454,0.9151515151515152,16,0.65,0.65,0.4153311931459037,0.0310836802035923,0.3760633857376736,0.0611689113303312,2.0,129.0,29.0,True,False,False,False,False
75,representative_base,base_representative;high_composite,deepsynth,13,deepsynth/13,base_representative;high_composite,0.6175297723214286,0.6775297723214286,medium,0.39583337500000004,0.9714285714285714,0.11428571428571428,1.0,16,0.604166625,0.604166625,0.4317076561137575,0.3613446161715638,0.3805595731964509,0.06036975982546611,2.0,32.0,6.0,True,False,False,False,True
76,representative_base,base_representative,swesmith,oauthlib__oauthlib.1fd52536.combine_file__cw8yqgmm,swesmith/oauthlib__oauthlib.1fd52536.combine_file__cw8yqgmm,base_representative,0.6175237341772152,0.6775237341772151,medium,0.36250000000000004,1.0,0.10759493670886076,1.0,16,0.6375,0.6375,0.4539754949333719,0.1350784886822008,0.33701012691009297,0.029063572130910598,1.0,71.0,30.0,True,False,False,False,False
77,representative_base,base_representative;high_composite,sldbench,vocab_scaling_law,sldbench/vocab_scaling_law,base_representative;high_composite,0.613895953125,0.673895953125,easy,0.2680838125,1.0,0.1875,1.0,16,0.7319161875,0.7319161875,0.3441735893619342,-0.189903697514869,0.2902147153517548,0.07924439890847879,1.0,8.0,1.0,True,False,False,False,True
78,representative_base,base_representative;high_composite,spreadsheetbench,263-1,spreadsheetbench/263-1,base_representative;high_composite,0.6136666666666666,0.6736666666666666,easy,0.25,0.9948717948717949,0.25384615384615383,0.93,16,0.75,0.75,0.4330127018922193,-0.149070986962858,0.36544724338753387,0.02286016359632259,2.0,146.0,23.0,True,False,False,False,True
79,representative_base,base_representative,terminal-bench,sqlite-db-truncate,terminal-bench/sqlite-db-truncate,base_representative,0.6134412650602409,0.6734412650602408,medium,0.38749999999999996,1.0,0.06626506024096386,1.0,16,0.6125,0.6125,0.4768057780690163,0.3316799330838422,0.40617633014124305,0.027128295686293935,1.0,79.0,18.0,True,False,False,False,False
80,representative_base,base_representative,omnimath,omnimath_3346,omnimath/omnimath_3346,base_representative,0.6119412251655628,0.6719412251655628,medium,0.38749999999999996,0.9933774834437086,0.0695364238410596,1.0,16,0.6125,0.6125,0.4498263553861645,0.3515732102692858,0.376424023497271,0.02494324806167525,2.0,142.0,33.0,True,False,False,False,False
81,representative_base,base_representative,pixiu,pixiu-german-german000012,pixiu/pixiu-german-german000012,base_representative,0.6098263096438618,0.6698263096438617,easy,0.25,0.9879518072289156,0.25903614457831325,0.9118942731277533,15,0.75,0.7333333333333333,0.3910100879630715,0.2353026452385088,0.30298691566720937,0.05313465728457345,2.0,63.0,23.0,True,False,False,False,False
82,representative_base,base_representative,widesearch,widesearch/widesearch-ws-zh-018,widesearch/widesearch/widesearch-ws-zh-018,base_representative,0.609433828125,0.6694338281250001,medium,0.3557353125,0.99,0.15,0.91,16,0.6442646875,0.6442646875,0.3388630254525268,-0.0731592659719486,0.31835728689671616,0.05494792225808098,2.0,86.0,17.0,True,False,False,False,False
83,representative_base,base_representative,deepsynth,69,deepsynth/69,base_representative,0.6048809575892857,0.6648809575892858,medium,0.3916666875,1.0,0.04285714285714286,0.975,16,0.6083333125,0.6083333125,0.4313254704493346,0.3641590494964676,0.3972285638181806,0.033890034784260226,1.0,34.0,8.0,True,False,False,False,False
84,representative_base,base_representative;high_composite,quixbugs,quixbugs-python-next_permutation,quixbugs/quixbugs-python-next_permutation,base_representative;high_composite,0.603125,0.663125,easy,0.17500000000000004,1.0,0.3125,0.875,16,0.825,0.825,0.3665719574653795,-0.1232629007534108,0.3388591481435419,0.012816404252992686,1.0,56.0,12.0,True,False,False,False,True
85,representative_base,base_representative;high_composite,financeagent_terminal,financeagent-40,financeagent_terminal/financeagent-40,base_representative;high_composite,0.6026041666666666,0.6626041666666667,medium,0.32499999999999996,0.9791666666666666,0.11458333333333333,1.0,16,0.675,0.675,0.4408798022137099,0.3953103094258736,0.3984031657601911,0.032474179647675294,2.0,44.0,4.0,True,False,False,False,True
86,representative_base,base_representative,dacode,dacode-ml-regression-017,dacode/dacode-ml-regression-017,base_representative,0.5954753134796238,0.6554753134796238,easy,0.2250000000000001,0.9968652037617555,0.19278996865203762,0.9475,14,0.7749999999999999,0.7428571428571428,0.4030495994190252,-0.1503132793300005,0.3618598598379457,0.01736652598674915,2.0,258.0,69.0,True,False,False,False,False
87,representative_base,base_representative,swebench-verified,scikit-learn__scikit-learn-9288,swebench-verified/scikit-learn__scikit-learn-9288,base_representative,0.5943400537634409,0.654340053763441,easy,0.2875000000000001,0.989247311827957,0.15591397849462366,0.915,16,0.7124999999999999,0.7124999999999999,0.4181432170919433,-0.0540301180404696,0.37929058993199,0.0247330823043741,2.0,79.0,19.0,True,False,False,False,False
88,representative_base,base_representative,compilebench,curl-ssl-arm64-static2,compilebench/curl-ssl-arm64-static2,base_representative,0.593125,0.653125,medium,0.3125,0.9333333333333333,0.23333333333333334,0.8666666666666667,16,0.6875,0.6875,0.3805834336909582,0.0593627606426878,0.3404062024068022,0.050347485004941905,2.0,13.0,4.0,True,False,False,False,False
89,representative_base,base_representative,dacode,dacode-dm-csv-054,dacode/dacode-dm-csv-054,base_representative,0.5928007445141066,0.6528007445141066,easy,0.21250000000000002,1.0,0.18495297805642633,0.95625,14,0.7875,0.7571428571428571,0.4083315979416129,-0.1405724951996508,0.3743717321930653,0.015129742293494175,1.0,261.0,72.0,True,False,False,False,False
90,representative_base,base_representative,terminal-bench,reshard-c4-data,terminal-bench/reshard-c4-data,base_representative,0.5899828245566535,0.6499828245566535,medium,0.3374999999999999,0.9879518072289156,0.06626506024096386,0.9550561797752809,16,0.6625000000000001,0.6625000000000001,0.4456385867493971,0.1520902813209886,0.39152299560937615,0.027128295686293935,2.0,78.0,25.0,True,False,False,False,False
91,representative_base,base_representative,swtbench,sympy__sympy-17630,swtbench/sympy__sympy-17630,base_representative,0.5871947330994898,0.6471947330994898,medium,0.3541666875,1.0,0.030612244897959183,0.94,15,0.6458333125,0.6355555333333334,0.4173047127803003,-0.0980410087254614,0.37761717835633957,0.059784541610111264,1.0,49.0,10.0,True,False,False,False,False
92,representative_base,base_representative;high_composite,medagentbench,task1_28,medagentbench/task1_28,base_representative;high_composite,0.5858442028985508,0.6458442028985507,easy,0.275,0.9855072463768116,0.16666666666666666,0.87,16,0.725,0.725,0.3455068740271313,-0.2055085800055257,0.3213245540238822,0.03981012432057618,2.0,59.0,12.0,True,False,False,False,True
93,representative_base,base_representative,bixbench,bix-12-q5,bixbench/bix-12-q5,base_representative,0.5823365384615384,0.6423365384615385,easy,0.2875000000000001,0.9743589743589743,0.08974358974358974,0.98,16,0.7124999999999999,0.7124999999999999,0.4121210380458634,0.1957853025592327,0.3507811864162191,0.06838868179625301,2.0,36.0,14.0,True,False,False,False,False
94,representative_base,base_representative,mmau,6aee68bf-6629-442b-981d-ae8195597c8e,mmau/6aee68bf-6629-442b-981d-ae8195597c8e,base_representative,0.5816847826086957,0.6416847826086958,easy,0.125,1.0,0.3967391304347826,0.675,16,0.875,0.875,0.3307189138830738,0.6831302034520711,0.2523237578082032,0.06799296675592559,1.0,57.0,20.0,True,False,False,False,False
95,representative_base,base_representative,swebenchpro,instance_qutebrowser__qutebrowser-c09e1439f145c66ee3af574386e277dd2388d094-v2ef375ac784985212b1805e1d0431dc8f1b3c171,swebenchpro/instance_qutebrowser__qutebrowser-c09e1439f145c66ee3af574386e277dd2388d094-v2ef375ac784985212b1805e1d0431dc8f1b3c171,base_representative,0.578125,0.638125,medium,0.3125,0.9857142857142858,0.05,0.95,16,0.6875,0.6875,0.4240798863421843,-0.1902638326490361,0.4073218578643835,0.021636889723926078,2.0,68.0,18.0,True,False,False,False,False
96,representative_base,base_representative,aime,aime_i-12,aime/aime_i-12,base_representative,0.576002358490566,0.6360023584905661,easy,0.21250000000000002,1.0,0.14150943396226415,0.9166666666666666,16,0.7875,0.7875,0.3497767144908306,-0.1568635759174577,0.304693158851108,0.019922213071340344,1.0,47.0,12.0,True,False,False,False,False
97,representative_base,base_representative,swebenchpro,instance_navidrome__navidrome-09ae41a2da66264c60ef307882362d2e2d8d8b89,swebenchpro/instance_navidrome__navidrome-09ae41a2da66264c60ef307882362d2e2d8d8b89,base_representative,0.5651071428571428,0.6251071428571429,easy,0.275,1.0,0.02142857142857143,0.94,16,0.725,0.725,0.4235268586524354,-0.167650769961752,0.4113479670978978,0.016684977604325635,1.0,70.0,24.0,True,False,False,False,False
98,representative_base,base_representative,bfcl,bfcl-live-multiple-404-140-0,bfcl/bfcl-live-multiple-404-140-0,base_representative,0.5605945121951219,0.620594512195122,easy,0.13749999999999996,0.9901960784313726,0.3137254901960784,0.6747967479674797,16,0.8625,0.8625,0.261904085496962,-0.1355545664870551,0.22873124809352924,0.05058958188040008,2.0,71.0,31.0,True,False,False,False,False
99,representative_base,base_representative,quixbugs,quixbugs-python-find_in_sorted,quixbugs/quixbugs-python-find_in_sorted,base_representative,0.5599999999999999,0.6199999999999999,easy,0.15625,0.9875,0.24375,0.7625,16,0.84375,0.84375,0.340897253582366,-0.1183450335193759,0.3311825969086029,0.002766506794983137,2.0,61.0,18.0,True,False,False,False,False
100,representative_base,base_representative,medagentbench,task6_17,medagentbench/task6_17,base_representative,0.5589347826086957,0.6189347826086957,easy,0.25,1.0,0.021739130434782608,0.94,16,0.75,0.75,0.3640054944640259,-0.1773315512264354,0.3342567891693704,0.018231222866445407,1.0,69.0,17.0,True,False,False,False,False
101,representative_base,base_representative,usaco,1040,usaco/1040,base_representative,0.5519633838383837,0.6119633838383838,easy,0.26249999999999996,1.0,0.03535353535353535,0.85,16,0.7375,0.7375,0.410601692641421,0.463762678751754,0.370619160432306,0.00696824234660709,1.0,96.0,35.0,True,False,False,False,False
102,representative_base,base_representative,usaco,132,usaco/132,base_representative,0.5430530303030303,0.6030530303030304,easy,0.25,0.98989898989899,0.03535353535353535,0.835,16,0.75,0.75,0.4092676385936225,0.4731603576398959,0.3691101329829655,0.00696824234660709,2.0,97.0,37.0,True,False,False,False,False
103,representative_base,base_representative,ineqmath,63,ineqmath/63,base_representative,0.5301770833333332,0.5901770833333333,easy,0.09375,1.0,0.09895833333333333,0.88,16,0.90625,0.90625,0.2633171804117612,-0.0919276977187885,0.24712729198246206,0.0,1.0,90.0,26.0,True,False,False,False,False
104,representative_base,base_representative,mlgym,mlgym-battle-of-sexes,mlgym/mlgym-battle-of-sexes,base_representative,0.5256068948863637,0.5856068948863637,medium,0.5978821249999999,0.5,0.75,0.09090909090909091,16,0.402117875,0.402117875,0.1579735510670516,0.0274946185078259,0.10286548563800532,0.3488436200668539,2.0,1.0,2.0,True,False,False,False,False
105,representative_base,base_representative,bigcodebench,bigcodebench_879,bigcodebench/bigcodebench_879,base_representative,0.5181156296851575,0.5781156296851575,easy,0.23750000000000004,0.991304347826087,0.04782608695652174,0.6655172413793103,16,0.7625,0.7625,0.3018174116912409,-0.2031763989181895,0.2526926542522461,0.0499341676182512,2.0,111.0,62.0,True,False,False,False,False
106,representative_base,base_representative,sldbench,domain_mixture_scaling_law,sldbench/domain_mixture_scaling_law,base_representative,0.51185690625,0.5718569062500001,easy,0.18492762500000004,0.875,0.1875,0.75,16,0.815072375,0.815072375,0.2839530747464876,-0.0867785929802232,0.27189519358973885,0.07924439890847879,2.0,7.0,6.0,True,False,False,False,False
107,diverse_fill,difficult;unique_unpredictable;high_composite,algotune,algotune-firls,algotune/algotune-firls,difficult;unique_unpredictable;high_composite,0.8412283979286458,0.9212283979286459,hard,0.7191913750000001,0.8778625954198473,0.8206106870229007,0.9935064935064936,16,0.280808625,0.280808625,0.4094599884745875,0.1765854462890293,0.20231392826882108,0.2929288879005193,17.0,24.0,1.0,False,True,False,True,True
108,diverse_fill,difficult;unique_unpredictable;high_composite,arc-agi-2,97d7923e_0,arc-agi-2/97d7923e_0,difficult;unique_unpredictable;high_composite,0.8349340659340659,0.914934065934066,medium,0.7,0.9010989010989011,0.8021978021978022,0.96,16,0.3,0.3,0.4472135954999579,0.173205219692334,0.3762889231463,0.08384266509781069,10.0,19.0,2.0,False,True,False,True,True
109,diverse_fill,unique_unpredictable;high_composite,kumo,wildlifeenv-t4-a6-v1-s0,kumo/wildlifeenv-t4-a6-v1-s0,unique_unpredictable;high_composite,0.8472576530612245,0.8872576530612245,medium,0.5875,0.8928571428571429,0.951530612244898,1.0,16,0.4125,0.4125,0.4090767042988393,0.260359740917604,0.19178056954079747,0.2988348622071404,22.0,11.0,1.0,False,False,False,True,True
110,diverse_fill,difficult;unique_unpredictable;high_composite,reasoning-gym,reasoning-gym-games-knight-swap-easy00cea0a5-seed45-1,reasoning-gym/reasoning-gym-games-knight-swap-easy00cea0a5-seed45-1,difficult;unique_unpredictable;high_composite,0.789953886693017,0.8699538866930171,hard,0.7375,0.7549407114624506,0.8695652173913043,0.8263888888888888,16,0.2625,0.2625,0.3295356581616017,0.2056750005671828,0.15923169273612559,0.1843543341414352,125.0,67.0,5.0,False,True,False,True,True
111,diverse_fill,difficult;unique_unpredictable;high_composite,crmarena,crmarena_0241_monthly_trend_analysis,crmarena/crmarena_0241_monthly_trend_analysis,difficult;unique_unpredictable;high_composite,0.7867706185567012,0.8667706185567012,hard,0.7250000000000001,0.7422680412371134,0.8969072164948454,0.81,16,0.2749999999999999,0.2749999999999999,0.3152380053229623,0.2252416400572855,0.21934353454035455,0.2166005173335398,26.0,11.0,1.0,False,True,False,True,True
112,diverse_fill,unique_unpredictable;high_composite,humanevalfix,python-142,humanevalfix/python-142,unique_unpredictable;high_composite,0.812320143884892,0.8523201438848921,medium,0.35,0.9280575539568345,1.0,1.0,16,0.65,0.65,0.4031128874149275,0.2882308850285442,0.20890044238099417,0.3268871190779741,11.0,1.0,1.0,False,False,False,True,True
113,diverse_fill,unique_unpredictable;high_composite,bfcl,bfcl-live-multiple-196-88-0,bfcl/bfcl-live-multiple-196-88-0,unique_unpredictable;high_composite,0.8078117527498805,0.8478117527498805,medium,0.6125,0.8431372549019608,0.8627450980392157,0.959349593495935,16,0.3875,0.3875,0.4090767042988393,0.2445803255897872,0.13593832381414264,0.30924558931366486,17.0,15.0,2.0,False,False,False,True,True
114,diverse_fill,unique_unpredictable;high_composite,featurebench-modal,linkedin__liger-kernel.c856fbab.test_fused_linear_jsd.4bd46945.lv1,featurebench-modal/linkedin__liger-kernel.c856fbab.test_fused_linear_jsd.4bd46945.lv1,unique_unpredictable;high_composite,0.8029326079326079,0.8429326079326079,medium,0.5,0.8961038961038961,0.8961038961038961,0.9351351351351351,16,0.5,0.5,0.4,0.1936493570028409,0.30021818013723023,0.21285158433408713,17.0,17.0,2.0,False,False,False,True,True
115,diverse_fill,unique_unpredictable;high_composite,swesmith,oauthlib__oauthlib.1fd52536.combine_file__dmfco3m9,swesmith/oauthlib__oauthlib.1fd52536.combine_file__dmfco3m9,unique_unpredictable;high_composite,0.7959611534487212,0.8359611534487212,medium,0.5375,0.8987341772151899,0.8860759493670886,0.8367346938775511,16,0.4625,0.4625,0.410601692641421,0.1650681337465737,0.2917292705646399,0.2809191281852712,9.0,10.0,1.0,False,False,False,True,True
116,diverse_fill,unique_unpredictable;high_composite,pixiu,pixiu-german-german000003,pixiu/pixiu-german-german000003,unique_unpredictable;high_composite,0.7917261557242183,0.8317261557242184,medium,0.44999999999999996,0.927710843373494,0.8313253012048193,0.9779735682819384,14,0.55,0.5285714285714286,0.4696937777935314,0.3205622107476354,0.2664954309191287,0.2605397772365803,7.0,15.0,2.0,False,False,False,True,True
117,diverse_fill,difficult;unique_unpredictable;high_composite,gpqa-diamond,17,gpqa-diamond/17,difficult;unique_unpredictable;high_composite,0.740356959424756,0.8203569594247561,hard,0.8,0.5649717514124294,0.864406779661017,0.8434343434343434,16,0.2,0.2,0.3605551275463989,0.1432230551866816,0.1367278521797525,0.25892466057069485,78.0,25.0,7.0,False,True,False,True,True
118,diverse_fill,difficult;unique_unpredictable;high_composite,replicationbench,trgb_std_candle__med_color_amp,replicationbench/trgb_std_candle__med_color_amp,difficult;unique_unpredictable;high_composite,0.7367009493670886,0.8167009493670887,hard,0.7125,0.6582278481012658,0.8227848101265823,0.8166666666666667,16,0.2875,0.2875,0.3739568825412898,0.1985047953386584,0.2619207618169831,0.20682691289209676,28.0,15.0,4.0,False,True,False,True,True
119,diverse_fill,unique_unpredictable;high_composite,aime,aime_81,aime/aime_81,unique_unpredictable;high_composite,0.7728891509433963,0.8128891509433963,medium,0.36250000000000004,0.9622641509433962,0.8018867924528302,0.9666666666666667,16,0.6375,0.6375,0.3689088640843426,0.446185675278969,0.2870334927226338,0.16634579726764598,3.0,11.0,1.0,False,False,False,True,True
120,diverse_fill,unique_unpredictable;high_composite,omnimath,omnimath_4118,omnimath/omnimath_4118,unique_unpredictable;high_composite,0.7718203642384105,0.8118203642384105,medium,0.6375,0.6754966887417219,0.9370860927152318,0.945,16,0.3625,0.3625,0.3822221212855163,-0.2955401091921617,0.1704234469236939,0.34964973898346674,50.0,11.0,2.0,False,False,False,True,True
121,diverse_fill,difficult;unique_unpredictable;high_composite,gaia2,gaia2-cli/0571_1k1ppcoxefgravh34lzycqi20saehz8r,gaia2/gaia2-cli/0571_1k1ppcoxefgravh34lzycqi20saehz8r,difficult;unique_unpredictable;high_composite,0.7313165222772278,0.8113165222772278,hard,0.734375,0.5846153846153846,0.8615384615384616,0.8514851485148515,16,0.265625,0.265625,0.3582591371828498,0.1914371926136394,0.21456860029125827,0.26106756277341625,28.0,10.0,1.0,False,True,False,True,True
122,diverse_fill,difficult;high_composite,swe-lancer,25929-manager-0,swe-lancer/25929-manager-0,difficult;high_composite,0.7623510638297871,0.8023510638297872,hard,0.775,0.8297872340425532,0.6117021276595744,0.835,16,0.225,0.225,0.3799671038392666,0.1528942307579034,0.2227908051574636,0.2251057486314938,17.0,37.0,3.0,False,True,False,False,True
123,diverse_fill,unique_unpredictable;high_composite,widesearch,widesearch/widesearch-ws-en-053,widesearch/widesearch/widesearch-ws-en-053,unique_unpredictable;high_composite,0.755848453125,0.7958484531250001,medium,0.4293938125000001,0.83,0.88,0.92,16,0.5706061874999999,0.5706061874999999,0.3392079539889982,-0.0489482173731649,0.2663356337037927,0.1878889075272402,18.0,13.0,1.0,False,False,False,True,True
124,diverse_fill,high_composite,aider-polyglot,polyglot_python_rest-api,aider-polyglot/polyglot_python_rest-api,high_composite,0.795545814479638,0.795545814479638,medium,0.5125,0.9773755656108597,0.7013574660633484,1.0,16,0.4875,0.4875,0.4897384506039933,0.2570188962731537,0.3723582122611212,0.10601140522341601,6.0,67.0,1.0,False,False,False,False,True
125,diverse_fill,unique_unpredictable;high_composite,livecodebench,arc182_e,livecodebench/arc182_e,unique_unpredictable;high_composite,0.7528856382978724,0.7928856382978724,medium,0.5375,0.7127659574468085,0.9361702127659575,0.9,16,0.4625,0.4625,0.378937659780603,0.3151363880873097,0.23269623860462627,0.2427005338121766,28.0,7.0,1.0,False,False,False,True,True
126,diverse_fill,unique_unpredictable;high_composite,seal0,2,seal0/2,unique_unpredictable;high_composite,0.7523081044754432,0.7923081044754432,medium,0.46875,0.8602150537634409,0.8064516129032258,0.8828828828828829,16,0.53125,0.53125,0.3979930118733242,-0.1743521339483148,0.28303534799270924,0.3074129429271295,14.0,19.0,2.0,False,False,False,True,True
127,diverse_fill,unique_unpredictable;high_composite,simpleqa,simpleqa-1451,simpleqa/simpleqa-1451,unique_unpredictable;high_composite,0.752099358974359,0.792099358974359,medium,0.4125,0.8102564102564103,0.8615384615384616,1.0,16,0.5875,0.5875,0.4498263553861645,-0.1219741855573413,0.26187400547018735,0.1717578509797819,38.0,28.0,1.0,False,False,False,True,True
128,diverse_fill,unique_unpredictable;high_composite,bigcodebench,bigcodebench_199,bigcodebench/bigcodebench_199,unique_unpredictable;high_composite,0.747751124437781,0.7877511244377811,medium,0.30000000000000004,0.9478260869565217,0.8695652173913043,0.8241379310344827,16,0.7,0.7,0.3674234614174767,0.3513643242479122,0.23187161002025708,0.3237780143979293,7.0,16.0,1.0,False,False,False,True,True
129,diverse_fill,unique_unpredictable;high_composite,usaco,436,usaco/436,unique_unpredictable;high_composite,0.7476616161616162,0.7876616161616162,medium,0.55,0.7474747474747475,0.8181818181818182,0.96,16,0.45,0.45,0.4444097208657794,0.2614468926182701,0.3007868675157159,0.11859967820323414,26.0,19.0,1.0,False,False,False,True,True
130,diverse_fill,unique_unpredictable;high_composite,dacode,dacode-plot-pie-012,dacode/dacode-plot-pie-012,unique_unpredictable;high_composite,0.7357456896551724,0.7757456896551724,medium,0.625,0.6489028213166145,0.8260188087774295,0.9725,14,0.375,0.3999999999999999,0.420883424647321,0.1131833947539663,0.2144890650720622,0.2192089160147287,113.0,57.0,1.0,False,False,False,True,True
131,diverse_fill,unique_unpredictable;high_composite,hle,hle/hle__673a76559e89466aa6433f66,hle/hle/hle__673a76559e89466aa6433f66,unique_unpredictable;high_composite,0.7339385012577784,0.7739385012577784,medium,0.55,0.6483516483516484,0.8901098901098901,0.9799196787148594,16,0.4499999999999999,0.4499999999999999,0.45,0.2581989926588531,0.27610661473590936,0.25173650582453455,65.0,21.0,1.0,False,False,False,True,True
132,diverse_fill,unique_unpredictable;high_composite,lawbench,lawbench-1-1-1-zero-shot,lawbench/lawbench-1-1-1-zero-shot,unique_unpredictable;high_composite,0.7333046353173454,0.7733046353173454,medium,0.4428531874999999,0.7290322580645161,0.9161290322580645,0.9226519337016574,16,0.5571468125000001,0.5571468125000001,0.3035797781109643,-0.0867430339148584,0.20075516201475416,0.11516899853333051,43.0,14.0,1.0,False,False,False,True,True
133,diverse_fill,unique_unpredictable;high_composite,medagentbench,task9_11,medagentbench/task9_11,unique_unpredictable;high_composite,0.7280797101449276,0.7680797101449276,medium,0.55,0.5652173913043478,0.9710144927536232,1.0,16,0.4499999999999999,0.4499999999999999,0.4092676385936225,0.2838963008148987,0.23437801657868218,0.19717222280142288,31.0,3.0,2.0,False,False,False,True,True
134,diverse_fill,high_composite,skillsbench,offer-letter-generator,skillsbench/offer-letter-generator,high_composite,0.7643674089068825,0.7643674089068825,medium,0.475,0.9384615384615385,0.6923076923076923,0.9605263157894737,16,0.525,0.525,0.4293891009329417,0.0751647718389501,0.33645377644636354,0.20978590687834953,5.0,21.0,1.0,False,False,False,False,True
135,diverse_fill,high_composite,labbench,figqa-0073,labbench/figqa-0073,high_composite,0.7603075188924875,0.7603075188924875,medium,0.65,0.8333333333333334,0.6494252873563219,0.9585635359116023,16,0.35,0.35,0.4387482193696061,0.2059715461709201,0.3379999529671216,0.14317551112468763,30.0,62.0,1.0,False,False,False,False,True
136,diverse_fill,high_composite,gaia,9e1fc53b-46ff-49a1-9d05-9e6faac34cc5,gaia/9e1fc53b-46ff-49a1-9d05-9e6faac34cc5,high_composite,0.7570190359004052,0.7570190359004052,medium,0.5125,0.8853503184713376,0.6942675159235668,0.9696969696969697,16,0.4875,0.4875,0.4299345880479959,0.1726594050767057,0.31026189652373387,0.21588729520128513,19.0,49.0,1.0,False,False,False,False,True
137,diverse_fill,unique_unpredictable;high_composite,ineqmath,95,ineqmath/95,unique_unpredictable;high_composite,0.7156250000000001,0.7556250000000001,easy,0.17500000000000004,0.84375,0.90625,1.0,16,0.825,0.825,0.3031088913245535,-0.1490712031248557,0.23786644828070755,0.10465947328543412,16.0,10.0,1.0,False,False,False,True,True
138,diverse_fill,difficult;unique_unpredictable;high_composite,compilebench,coreutils-old-version-alpine,compilebench/coreutils-old-version-alpine,difficult;unique_unpredictable;high_composite,0.6749999999999999,0.755,medium,0.7,0.4,1.0,0.7333333333333333,16,0.3,0.3,0.3391164991562634,0.2284162043490282,0.16059126226966378,0.41844395575615345,10.0,1.0,2.0,False,True,False,True,True
139,diverse_fill,high_composite,qcircuitbench,phase_estimation-n8,qcircuitbench/phase_estimation-n8,high_composite,0.7539107075892857,0.7539107075892857,medium,0.6667856875,0.84,0.68,0.8214285714285714,16,0.3332143125,0.3332143125,0.3827637283509108,0.2228475159917609,0.2893478894423905,0.21724990438284497,5.0,9.0,1.0,False,False,False,False,True
140,diverse_fill,high_composite,gso,gso-numpy--numpy-28706af,gso/gso-numpy--numpy-28706af,high_composite,0.7510539215686274,0.7510539215686274,medium,0.575,0.8777777777777778,0.6444444444444445,0.9264705882352942,16,0.425,0.425,0.3992179855667828,0.0161691830759442,0.3283912272049028,0.15125085769447466,12.0,33.0,1.0,False,False,False,False,True
141,diverse_fill,high_composite,mmmlu,mmmlu-pt-br-00113,mmmlu/mmmlu-pt-br-00113,high_composite,0.7492386363636363,0.7492386363636363,medium,0.5375,0.9318181818181818,0.5909090909090909,0.94,16,0.4625,0.4625,0.4728570079844434,-0.0750804846886269,0.447484426508158,0.019626400728686932,10.0,55.0,1.0,False,False,False,False,True
142,diverse_fill,unique_unpredictable;high_composite,quixbugs,quixbugs-python-find_first_in_sorted,quixbugs/quixbugs-python-find_first_in_sorted,unique_unpredictable;high_composite,0.6993750000000001,0.7393750000000001,medium,0.44999999999999996,0.6375,0.8625,0.9875,16,0.55,0.55,0.4444097208657794,0.3195462323143302,0.2429594938910903,0.24542886125332797,30.0,12.0,1.0,False,False,False,True,True
143,diverse_fill,high_composite,strongreject,strongreject_illegal_goods_and_services_0034_pap_logical_appeal,strongreject/strongreject_illegal_goods_and_services_0034_pap_logical_appeal,high_composite,0.7299654737903226,0.7299654737903226,medium,0.41328125000000004,0.9354838709677419,0.6129032258064516,0.9733333333333334,16,0.58671875,0.58671875,0.3591295017447571,-0.2971318171872499,0.24791200123945448,0.14841528633484358,5.0,25.0,1.0,False,False,False,False,True
144,diverse_fill,high_composite,swebenchpro,instance_ansible__ansible-709484969c8a4ffd74b839a673431a8c5caa6457-vba6da65a0f3baefda7a058ebbd0a8dcafb8512f5,swebenchpro/instance_ansible__ansible-709484969c8a4ffd74b839a673431a8c5caa6457-vba6da65a0f3baefda7a058ebbd0a8dcafb8512f5,high_composite,0.7257321428571428,0.7257321428571428,medium,0.5375,0.7142857142857143,0.7714285714285715,0.99,16,0.4625,0.4625,0.439992897669951,0.036676716233457,0.30915164087352404,0.2258397764967769,21.0,17.0,1.0,False,False,False,False,True
145,diverse_fill,difficult;high_composite,spider2,quickbooks003,spider2/quickbooks003,difficult;high_composite,0.6766493055555555,0.7166493055555555,hard,0.725,0.8888888888888888,0.2777777777777778,0.765625,16,0.275,0.275,0.3665719574653795,-0.088045287307707,0.31222097757541106,0.091172593863183,5.0,27.0,3.0,False,True,False,False,True
146,diverse_fill,high_composite,crustbench,crustbench-recordmanager,crustbench/crustbench-recordmanager,high_composite,0.7142499999999999,0.7142499999999999,medium,0.37187499999999996,0.9166666666666666,0.6197916666666666,0.97,14,0.628125,0.6035714285714286,0.4311381472809107,0.2390050903087944,0.33742482591334433,0.04324738473786105,9.0,38.0,1.0,False,False,False,False,True
147,diverse_fill,unique_unpredictable;high_composite,spreadsheetbench,208-20,spreadsheetbench/208-20,unique_unpredictable;high_composite,0.6724294871794871,0.7124294871794872,medium,0.5125,0.5948717948717949,0.8358974358974359,0.8475,16,0.4875,0.4875,0.4060095442227929,0.182833750317384,0.25309700028046295,0.25386975473116324,80.0,33.0,6.0,False,False,False,True,True
148,diverse_fill,unique_unpredictable;high_composite,deepsynth,40,deepsynth/40,unique_unpredictable;high_composite,0.6710044642857143,0.7110044642857143,medium,0.671875,0.5142857142857142,0.8571428571428571,0.725,16,0.328125,0.328125,0.3648496051457367,0.2322095039291475,0.21787626945437077,0.3185664446318859,18.0,6.0,2.0,False,False,False,True,True
149,diverse_fill,unique_unpredictable;high_composite,scicode,scicode-56,scicode/scicode-56,unique_unpredictable;high_composite,0.6705685763888888,0.7105685763888888,easy,0.24921875000000004,0.7638888888888888,0.8611111111111112,0.8375,16,0.75078125,0.75078125,0.3224802788907214,-0.0794408517495009,0.2412638079018957,0.21573969859932474,18.0,11.0,6.0,False,False,False,True,True
150,diverse_fill,high_composite,swebench-verified,django__django-16642,swebench-verified/django__django-16642,high_composite,0.7073400537634408,0.7073400537634408,medium,0.4125,0.8387096774193549,0.6666666666666666,0.96,16,0.5875,0.5875,0.4385701198212208,0.3458784005891916,0.3382278726836595,0.11669464233918514,16.0,32.0,1.0,False,False,False,False,True
151,diverse_fill,high_composite,bixbench,bix-47-q2,bixbench/bix-47-q2,high_composite,0.7070705128205128,0.7070705128205128,medium,0.625,0.7948717948717948,0.5384615384615384,0.92,16,0.375,0.375,0.3799671038392666,0.2548237386663018,0.2582115947049314,0.18555993113272407,9.0,19.0,1.0,False,False,False,False,True
152,diverse_fill,unique_unpredictable;high_composite,terminal-bench,log-summary-date-ranges,terminal-bench/log-summary-date-ranges,unique_unpredictable;high_composite,0.6664741479964802,0.7064741479964802,medium,0.3843749999999999,0.6144578313253012,0.9156626506024096,0.8426966292134831,16,0.6156250000000001,0.6156250000000001,0.3998901216271789,-0.2481810230808172,0.24033426915125897,0.2727147999473768,33.0,8.0,5.0,False,False,False,True,True
153,diverse_fill,difficult;unique_unpredictable;high_composite,mmau,adcc613e-3c79-4478-8f08-d408984265a6,mmau/adcc613e-3c79-4478-8f08-d408984265a6,difficult;unique_unpredictable;high_composite,0.6174565217391303,0.6974565217391304,hard,0.75,0.1956521739130435,0.9239130434782609,0.87,16,0.25,0.25,0.3968626966596886,0.1626500386193118,0.06537882359783423,0.35886933521465425,75.0,8.0,9.0,False,True,False,True,True
154,diverse_fill,difficult;high_composite,devopsgym,testgen__minio__minio-12469,devopsgym/testgen__minio__minio-12469,difficult;high_composite,0.65625,0.69625,hard,0.825,0.5,0.5,1.0,13,0.175,0.2153846153846154,0.2983187604563895,0.1603800763623531,,,,,1.0,False,True,False,False,True
155,diverse_fill,difficult;unique_unpredictable;high_composite,swtbench,sympy__sympy-13877,swtbench/sympy__sympy-13877,difficult;unique_unpredictable;high_composite,0.6159260204081632,0.6959260204081633,hard,0.7375,0.24489795918367346,0.8673469387755102,0.86,15,0.2625,0.28,0.3850541087518307,0.1788612211620558,0.1284502028453294,0.3530725632689451,38.0,7.0,7.0,False,True,False,True,True
156,diverse_fill,difficult;high_composite,swegym,project-monai__monai-4925,swegym/project-monai__monai-4925,difficult;high_composite,0.65,0.6900000000000001,frontier,1.0,0.5,0.5,0.6666666666666666,14,0.0,0.0,0.0,,,,,,1.0,False,True,False,False,True
157,diverse_fill,unique_unpredictable;high_composite,research-code-bench,siss_compute_loss_terms,research-code-bench/siss_compute_loss_terms,unique_unpredictable;high_composite,0.6250429097105601,0.6650429097105601,medium,0.6375,0.4607329842931937,0.9162303664921466,0.5023584905660378,16,0.3625,0.3625,0.4484347778663024,0.2087195475586272,0.39858299066322594,0.05636321308077763,104.0,17.0,25.0,False,False,False,True,True
158,diverse_fill,difficult;unique_unpredictable,sldbench,easy_question_scaling_law,sldbench/easy_question_scaling_law,difficult;unique_unpredictable,0.545601875,0.6256018750000001,hard,0.9324075000000001,0.125,1.0,0.125,16,0.0675925,0.0675925,0.1045176693608549,0.16697961142638,0.007137910270855265,0.5007743636335584,8.0,1.0,3.0,False,True,False,True,False
159,diverse_fill,high_composite,financeagent_terminal,financeagent-3,financeagent_terminal/financeagent-3,high_composite,0.6224583333333333,0.6224583333333333,medium,0.375,0.7916666666666666,0.5625,0.74,16,0.625,0.625,0.4054318685056713,0.0159214107338684,0.3668369519983491,0.09105477440079046,11.0,22.0,2.0,False,False,False,False,True
160,diverse_fill,high_composite,featbench,conan-io__conan-18489,featbench/conan-io__conan-18489,high_composite,0.5303240740740741,0.5303240740740741,medium,0.42500000000000004,0.5,0.5,0.8271604938271605,16,0.575,0.575,0.4115519408288582,-0.0156842728954225,,,,,1.0,False,False,False,False,True
