benchmark,include_in_key_analysis,filter_reason,observed_count,missing_count,missing_fraction,task_count,task_cell_missing_fraction,mean_observed_task_cells_per_agent_model,mean,std,median,min,max,transform,negative_count,gt_one_count
aider-polyglot,True,included,16,0,0.0,225,0.0,225.0,0.5398749999999999,0.2279679689535947,0.5706666666666665,0.0942222222222221,0.88,identity,0,0
aime,True,included,16,0,0.0,60,0.0,60.0,0.88227430625,0.1210225280585012,0.9266666666666664,0.5730555666666668,0.9933333333333334,identity,0,0
algotune,True,included,16,0,0.0,154,0.0,154.0,0.2395356006493506,0.0969553476693541,0.2561762077922077,0.0149809415584415,0.3491336363636363,identity,0,0
arc-agi-2,True,included,16,0,0.0,100,0.0,100.0,0.2415624999999999,0.2399101312861755,0.1799999999999999,0.0,0.7419999999999995,identity,0,0
bfcl,True,included,16,0,0.0,123,0.0,123.0,0.7475609756097561,0.0614682000115866,0.7609756097560973,0.6211382113821137,0.8439024390243903,identity,0,0
bigcodebench,True,included,16,0,0.0,145,0.0,145.0,0.342155172413793,0.0972199398595885,0.3717241379310343,0.0317241379310344,0.4413793103448274,identity,0,0
bixbench,True,included,16,0,0.0,50,0.0,50.0,0.308625,0.1155507869942909,0.3239999999999999,0.08,0.4609999999999999,identity,0,0
codepde,True,included,16,0,0.0,5,0.0,5.0,0.37,0.1526433752247374,0.3399999999999999,0.04,0.6,identity,0,0
compilebench,True,included,16,0,0.0,15,0.0,15.0,0.8054166666666667,0.2285366339464103,0.9133333333333334,0.2,1.0,identity,0,0
crustbench,True,included,16,0,0.0,100,0.123125,87.6875,0.72416152125,0.2368095228647288,0.82641667,0.11,0.982,identity,0,0
deepsynth,True,included,16,0,0.0,40,0.0,40.0,0.3234302359375,0.1836956512873223,0.341868325,0.03194445,0.5914951500000001,identity,0,0
financeagent_terminal,True,included,16,0,0.0,50,0.0,50.0,0.49725,0.2802560213447696,0.532,0.004,0.8240000000000001,identity,0,0
gaia,True,included,16,0,0.0,165,0.0026515151515151,164.5625,0.529495121632136,0.1731076153108433,0.5654545454545454,0.1636363636363636,0.7587878787878789,identity,0,0
gaia2,True,included,16,0,0.0,101,0.0,101.0,0.2004217153465346,0.1241782503152732,0.2065875990099009,0.0,0.3876078316831686,identity,0,0
gpqa-diamond,True,included,16,0,0.0,198,0.0,198.0,0.7907196969696969,0.1256257771228365,0.8065656565656565,0.5333333333333328,0.9646464646464646,identity,0,0
gso,True,included,16,0,0.0,102,0.0,102.0,0.2463848039215686,0.171997614507137,0.3029411764705881,0.0,0.4421568627450979,identity,0,0
hle,True,included,16,0,0.0,249,0.0,249.0,0.2821285140562248,0.1572071155905589,0.2835341365461848,0.0634538152610441,0.5437751004016064,identity,0,0
humanevalfix,True,included,16,0,0.0,164,0.0,164.0,0.9580792682926828,0.1236278608160731,0.997560975609756,0.4865853658536584,1.0,identity,0,0
ineqmath,True,included,16,0,0.0,100,0.0,100.0,0.8944375,0.194826515376501,0.9445,0.1609999999999999,0.999,identity,0,0
kumo,True,included,16,0,0.0,212,0.0,212.0,0.9018130896226416,0.1148772467454123,0.9504716981132076,0.5632075471698107,0.9669811320754716,identity,0,0
labbench,True,included,16,0,0.0,181,0.0,181.0,0.3110151933701657,0.231322663781744,0.2784530386740331,0.0165745856353591,0.7259668508287291,identity,0,0
lawbench,True,included,16,0,0.0,181,0.0407458563535911,173.625,0.55150569351516,0.1505212686073948,0.6076739505850863,0.1071577790055248,0.6977693867403314,identity,0,0
livecodebench,True,included,16,0,0.0,100,0.0,100.0,0.78896875,0.1770443507950409,0.8639999999999999,0.2899999999999997,0.924,identity,0,0
medagentbench,True,included,16,0,0.0,100,0.0,100.0,0.458875,0.1454544065162688,0.5050000000000001,0.072,0.642,identity,0,0
mmau,True,included,16,0,0.0,100,0.0,100.0,0.576125,0.1419761753781246,0.6180000000000001,0.072,0.69,identity,0,0
mmmlu,True,included,16,0,0.0,150,0.0,150.0,0.43975,0.3105114844002464,0.4679999999999999,0.0,0.8426666666666667,identity,0,0
omnimath,True,included,16,0,0.0,200,0.0,200.0,0.7621875,0.1010929144092206,0.796,0.5480000000000002,0.882,identity,0,0
pixiu,True,included,16,0,0.0,268,0.5946828358208955,108.625,0.5727074482217697,0.1229739654892679,0.5841412024291498,0.2893253387096774,0.7470323108108109,identity,0,0
qcircuitbench,True,included,16,0,0.0,28,0.0,28.0,0.4270371339285714,0.1867358736608496,0.4854646785714285,0.0009,0.7023809642857143,identity,0,0
quixbugs,True,included,16,0,0.0,80,0.0,80.0,0.8369661429687499,0.2063536207793221,0.91875,0.27875,0.975,identity,0,0
reasoning-gym,True,included,16,0,0.0,576,0.0028211805555555,574.375,0.8033477483237871,0.0996075820235431,0.8329378541666667,0.5702556753472222,0.9080692256944444,identity,0,0
replicationbench,True,included,16,0,0.0,90,0.0,90.0,0.2658333333333333,0.1804689963455643,0.2311111111111111,0.0444444444444444,0.6377777777777778,identity,0,0
research-code-bench,True,included,16,0,0.0,212,0.0,212.0,0.3148584905660377,0.3305423476531043,0.2122641509433961,0.0,0.861320754716981,identity,0,0
scicode,True,included,16,0,0.0,80,0.0,80.0,0.39100610625,0.1598436654820959,0.44915141875,0.0080654749999999,0.588361575,identity,0,0
seal0,True,included,16,0,0.0,111,0.0,111.0,0.3206925675675675,0.1293786569053132,0.3362612612612612,0.0702702702702702,0.5063063063063062,identity,0,0
simpleqa,True,included,16,0,0.0,200,0.0,200.0,0.8000624999999999,0.1969687376051083,0.8540000000000001,0.1679999999999999,0.961,identity,0,0
skillsbench,True,included,16,0,0.0,76,0.0041118421052631,75.6875,0.3108123731907894,0.1729826475471227,0.2939463754385965,0.0133333333333333,0.5782074666666667,identity,0,0
sldbench,True,included,16,0,0.0,8,0.0,8.0,0.642398890625,0.2100559743127583,0.7445303750000001,0.0479475,0.8014455,identity,0,0
spider2,True,included,16,0,0.0,64,0.0,64.0,0.2654296875,0.0867114914614253,0.2625,0.11875,0.38125,identity,0,0
spreadsheetbench,True,included,16,0,0.0,200,0.0,200.0,0.654171875,0.2104281854700894,0.7569999999999999,0.0919999999999999,0.8314999999999999,identity,0,0
strongreject,True,included,16,0,0.0,150,0.0,150.0,0.9169366320833332,0.0537572613151912,0.9275486133333332,0.741,0.9721666666666666,identity,0,0
swe-lancer,True,included,16,0,0.0,100,0.0,100.0,0.4649062499999999,0.1229066234420972,0.46875,0.244,0.7239999999999998,identity,0,0
swebench-verified,True,included,16,0,0.0,100,0.0,100.0,0.5931249999999999,0.2094766917224921,0.696,0.1119999999999999,0.772,identity,0,0
swebenchpro,True,included,16,0,0.0,100,0.0,100.0,0.36325,0.1731139436902758,0.45,0.056,0.5379999999999999,identity,0,0
swesmith,True,included,16,0,0.0,98,0.0,98.0,0.2612882653061225,0.1543359836168265,0.2688775510204081,0.0428571428571428,0.593877551020408,identity,0,0
swtbench,True,included,16,0,0.0,50,0.0775,46.125,0.4361042660939376,0.2072644360770356,0.53,0.08,0.728,identity,0,0
terminal-bench,True,included,16,0,0.0,89,0.0,89.0,0.4523525280898876,0.1917030616945636,0.5179775280898877,0.0516853932584269,0.6921348314606741,identity,0,0
usaco,True,included,16,0,0.0,100,0.0,100.0,0.6985937499999999,0.2480690565869461,0.7895,0.053,0.956,identity,0,0
widesearch,True,included,16,0,0.0,100,0.0,100.0,0.5246861787499999,0.19832986332752,0.5671949150000001,0.1150885499999999,0.79958332,identity,0,0
crmarena,False,excluded: not in paper benchmark list,16,0,0.0,100,0.0,100.0,0.375533698125,0.1494060893061307,0.3421858449999998,0.09962497,0.67642201,identity,0,0
devopsgym,False,excluded: not in paper benchmark list,16,0,0.0,42,0.8258928571428571,7.3125,0.1163973858432009,0.0906585498400743,0.1055555,0.0,0.3333332,identity,0,0
featurebench-modal,False,excluded: not in paper benchmark list,16,0,0.0,185,0.0,185.0,0.1803378378378378,0.1455767195113838,0.1545945945945945,0.0032432432432432,0.4594594594594596,identity,0,0
mlgym,False,excluded: extreme normalized values (likely unscaled metric),16,0,0.0,11,0.0,11.0,-79667023573.77863,308549055711.92053,370.3270801363637,-1274672377834.0713,2649.826907818182,identity,7,9
dacode,False,excluded: fewer than 15 observed agent+model rows,14,2,0.125,400,0.125,350.0,0.4488810926785713,0.1307963616861406,0.50458186125,0.122055195,0.5542874975000001,identity,0,0
aa-lcr,False,excluded: fewer than 15 observed agent+model rows,10,6,0.375,99,0.3888888888888889,60.5,0.5607837662013584,0.1958012578981063,0.6474747474747475,0.1367088481012658,0.7454545454545456,identity,0,0
swebench-multilingual,False,excluded: fewer than 15 observed agent+model rows,10,6,0.375,50,0.375,31.25,0.4856,0.2934386477613336,0.6500000000000001,0.032,0.768,identity,0,0
cybergym,False,excluded: fewer than 15 observed agent+model rows,5,11,0.6875,0,1.0,0.0,0.6266665999999999,0.0853748544821014,0.633333,0.5,0.733333,identity,0,0
