left,right,spearman,abs_spearman
aider-polyglot,swe-lancer,0.9735294117647059,0.9735294117647059
arc-agi-2,kumo,0.9697865566156565,0.9697865566156565
deepsynth,terminal-bench,0.9647058823529412,0.9647058823529412
gaia2,spreadsheetbench,0.9639443374923636,0.9639443374923636
gaia2,spider2,0.9521709715382585,0.9521709715382585
pixiu,qcircuitbench,0.95,0.95
aider-polyglot,arc-agi-2,0.9499273924964456,0.9499273924964456
arc-agi-2,swe-lancer,0.9499273924964456,0.9499273924964456
spider2,spreadsheetbench,0.9470588235294117,0.9470588235294117
aider-polyglot,terminal-bench,0.9470588235294117,0.9470588235294117
aider-polyglot,pixiu,0.9470588235294117,0.9470588235294117
gpqa-diamond,hle,0.9411764705882353,0.9411764705882353
arc-agi-2,bixbench,0.9410908586127578,0.9410908586127578
swe-lancer,terminal-bench,0.9382352941176471,0.9382352941176471
arc-agi-2,terminal-bench,0.9381453473181952,0.9381453473181952
pixiu,swe-lancer,0.9352941176470588,0.9352941176470588
deepsynth,swe-lancer,0.9323529411764706,0.9323529411764706
swebench-verified,terminal-bench,0.9323529411764706,0.9323529411764706
humanevalfix,swebench-verified,0.931366565644,0.931366565644
aider-polyglot,swebench-verified,0.9294117647058824,0.9294117647058824
gso,spreadsheetbench,0.9294117647058824,0.9294117647058824
arc-agi-2,swebench-verified,0.9293088134345073,0.9293088134345073
arc-agi-2,deepsynth,0.9293088134345073,0.9293088134345073
aider-polyglot,kumo,0.928624239630048,0.928624239630048
gaia2,gso,0.928624239630048,0.928624239630048
humanevalfix,terminal-bench,0.9238917135922825,0.9238917135922825
aider-polyglot,replicationbench,0.9235294117647059,0.9235294117647059
hle,pixiu,0.9235294117647059,0.9235294117647059
aider-polyglot,deepsynth,0.9235294117647059,0.9235294117647059
replicationbench,swe-lancer,0.9235294117647059,0.9235294117647059
hle,swe-lancer,0.9176470588235294,0.9176470588235294
algotune,deepsynth,0.9176470588235294,0.9176470588235294
arc-agi-2,pixiu,0.9160540126089755,0.9160540126089755
kumo,terminal-bench,0.9153792029316797,0.9153792029316797
algotune,terminal-bench,0.9147058823529411,0.9147058823529411
kumo,swe-lancer,0.9139075321874166,0.9139075321874166
arc-agi-2,replicationbench,0.9131085013144129,0.9131085013144129
bixbench,hle,0.9117647058823529,0.9117647058823529
bixbench,replicationbench,0.9117647058823529,0.9117647058823529
deepsynth,hle,0.9117647058823529,0.9117647058823529
aider-polyglot,bixbench,0.9117647058823529,0.9117647058823529
bixbench,kumo,0.9109641906988902,0.9109641906988902
deepsynth,kumo,0.9094925199546271,0.9094925199546271
swe-lancer,swebench-verified,0.9088235294117647,0.9088235294117647
aider-polyglot,hle,0.9088235294117647,0.9088235294117647
bixbench,pixiu,0.9088235294117647,0.9088235294117647
gpqa-diamond,omnimath,0.9050775077218377,0.9050775077218377
livecodebench,replicationbench,0.9029411764705882,0.9029411764705882
livecodebench,seal0,0.9029411764705882,0.9029411764705882
gaia2,swebenchpro,0.90272684791351,0.90272684791351
bixbench,swe-lancer,0.9,0.9
kumo,swebench-verified,0.8991908247447851,0.8991908247447851
gpqa-diamond,scicode,0.8970588235294118,0.8970588235294118
replicationbench,skillsbench,0.8970588235294118,0.8970588235294118
aider-polyglot,humanevalfix,0.8969822462060996,0.8969822462060996
kumo,pixiu,0.8962474832562588,0.8962474832562588
aime,omnimath,0.8947758125119956,0.8947758125119956
hle,seal0,0.8941176470588236,0.8941176470588236
algotune,gso,0.8941176470588236,0.8941176470588236
deepsynth,humanevalfix,0.8924973349750691,0.8924973349750691
kumo,replicationbench,0.888889129534943,0.888889129534943
replicationbench,terminal-bench,0.888235294117647,0.888235294117647
deepsynth,swebench-verified,0.888235294117647,0.888235294117647
lawbench,swtbench,0.888235294117647,0.888235294117647
deepsynth,replicationbench,0.8852941176470588,0.8852941176470588
aider-polyglot,qcircuitbench,0.8852941176470588,0.8852941176470588
mmau,reasoning-gym,0.8852941176470588,0.8852941176470588
compilebench,quixbugs,0.8847945069913267,0.8847945069913267
arc-agi-2,compilebench,0.8846192562462452,0.8846192562462452
arc-agi-2,skillsbench,0.8836533883687867,0.8836533883687867
aime,gpqa-diamond,0.8823529411764706,0.8823529411764706
algotune,skillsbench,0.8823529411764706,0.8823529411764706
arc-agi-2,hle,0.880707877074224,0.880707877074224
lawbench,terminal-bench,0.8794117647058823,0.8794117647058823
lawbench,medagentbench,0.8794117647058823,0.8794117647058823
bixbench,deepsynth,0.8794117647058823,0.8794117647058823
qcircuitbench,swe-lancer,0.8794117647058823,0.8794117647058823
deepsynth,skillsbench,0.8794117647058823,0.8794117647058823
pixiu,replicationbench,0.8794117647058823,0.8794117647058823
financeagent_terminal,swebenchpro,0.8777623657796614,0.8777623657796614
algotune,humanevalfix,0.8775476308716341,0.8775476308716341
aider-polyglot,algotune,0.8764705882352941,0.8764705882352941
skillsbench,swe-lancer,0.8764705882352941,0.8764705882352941
aider-polyglot,livecodebench,0.8764705882352941,0.8764705882352941
hle,terminal-bench,0.8764705882352941,0.8764705882352941
bixbench,livecodebench,0.8735294117647059,0.8735294117647059
lawbench,qcircuitbench,0.8735294117647059,0.8735294117647059
spider2,swebenchpro,0.8718713431905362,0.8718713431905362
crustbench,terminal-bench,0.8712290806037852,0.8712290806037852
swtbench,widesearch,0.8705882352941177,0.8705882352941177
bixbench,terminal-bench,0.8705882352941177,0.8705882352941177
bixbench,seal0,0.8705882352941177,0.8705882352941177
algotune,spreadsheetbench,0.8705882352941177,0.8705882352941177
arc-agi-2,qcircuitbench,0.8689258318959735,0.8689258318959735
humanevalfix,spreadsheetbench,0.8685778084095731,0.8685778084095731
arc-agi-2,humanevalfix,0.8683607795003686,0.8683607795003686
skillsbench,terminal-bench,0.8676470588235294,0.8676470588235294
pixiu,terminal-bench,0.8676470588235294,0.8676470588235294
lawbench,scicode,0.8676470588235294,0.8676470588235294
spider2,swebench-verified,0.8676470588235294,0.8676470588235294
algotune,swe-lancer,0.8676470588235294,0.8676470588235294
spreadsheetbench,swebench-verified,0.8647058823529412,0.8647058823529412
deepsynth,financeagent_terminal,0.8647058823529412,0.8647058823529412
livecodebench,pixiu,0.8647058823529412,0.8647058823529412
hle,omnimath,0.8638707268824695,0.8638707268824695
kumo,qcircuitbench,0.8623990561382063,0.8623990561382063
bixbench,skillsbench,0.861764705882353,0.861764705882353
spreadsheetbench,swebenchpro,0.861562053659567,0.861562053659567
humanevalfix,swe-lancer,0.8611029563578556,0.8611029563578556
skillsbench,swebenchpro,0.8586165423650044,0.8586165423650044
compilebench,skillsbench,0.8582063582002685,0.8582063582002685
algotune,financeagent_terminal,0.8558823529411764,0.8558823529411764
lawbench,swebench-verified,0.8558823529411764,0.8558823529411764
arc-agi-2,widesearch,0.8556710310704417,0.8556710310704417
arc-agi-2,lawbench,0.8556710310704417,0.8556710310704417
hle,kumo,0.8550407024168906,0.8550407024168906
humanevalfix,kumo,0.8542564651599464,0.8542564651599464
humanevalfix,spider2,0.8536281043061381,0.8536281043061381
crustbench,replicationbench,0.8535690316726274,0.8535690316726274
qcircuitbench,swtbench,0.8529411764705882,0.8529411764705882
deepsynth,gpqa-diamond,0.8529411764705882,0.8529411764705882
swebenchpro,terminal-bench,0.8512527641285978,0.8512527641285978
gpqa-diamond,terminal-bench,0.85,0.85
aime,deepsynth,0.85,0.85
gpqa-diamond,swe-lancer,0.85,0.85
seal0,simpleqa,0.85,0.85
financeagent_terminal,gaia2,0.8476823486955748,0.8476823486955748
hle,livecodebench,0.8470588235294118,0.8470588235294118
deepsynth,pixiu,0.8470588235294118,0.8470588235294118
deepsynth,spider2,0.8470588235294118,0.8470588235294118
deepsynth,spreadsheetbench,0.8470588235294118,0.8470588235294118
aider-polyglot,skillsbench,0.8470588235294118,0.8470588235294118
lawbench,widesearch,0.8470588235294118,0.8470588235294118
pixiu,swebench-verified,0.8470588235294118,0.8470588235294118
bixbench,compilebench,0.8463894031820204,0.8463894031820204
spider2,swesmith,0.8447390072070485,0.8447390072070485
gaia,omnimath,0.8447390072070485,0.8447390072070485
hle,replicationbench,0.8441176470588235,0.8441176470588235
livecodebench,swe-lancer,0.8441176470588235,0.8441176470588235
replicationbench,swebench-verified,0.8441176470588235,0.8441176470588235
gso,humanevalfix,0.8431633114337336,0.8431633114337336
compilebench,pixiu,0.8419580450501774,0.8419580450501774
lawbench,swe-lancer,0.8411764705882353,0.8411764705882353
gso,spider2,0.8411764705882353,0.8411764705882353
aider-polyglot,compilebench,0.8404809256728963,0.8404809256728963
deepsynth,swebenchpro,0.8394707189503473,0.8394707189503473
medagentbench,scicode,0.8382352941176471,0.8382352941176471
qcircuitbench,terminal-bench,0.8382352941176471,0.8382352941176471
spreadsheetbench,terminal-bench,0.8382352941176471,0.8382352941176471
compilebench,swtbench,0.8375266869183343,0.8375266869183343
aime,humanevalfix,0.8371834297923596,0.8371834297923596
algotune,arc-agi-2,0.8365252076557848,0.8365252076557848
compilebench,swe-lancer,0.8360495675410533,0.8360495675410533
gpqa-diamond,pixiu,0.8352941176470589,0.8352941176470589
deepsynth,widesearch,0.8352941176470589,0.8352941176470589
bixbench,gpqa-diamond,0.8352941176470589,0.8352941176470589
humanevalfix,swesmith,0.8340595084530125,0.8340595084530125
algotune,swebenchpro,0.8335796963612221,0.8335796963612221
replicationbench,seal0,0.8323529411764706,0.8323529411764706
compilebench,qcircuitbench,0.8301410900319293,0.8301410900319293
qcircuitbench,scicode,0.8294117647058824,0.8294117647058824
algotune,swebench-verified,0.8294117647058824,0.8294117647058824
gso,skillsbench,0.8294117647058824,0.8294117647058824
medagentbench,terminal-bench,0.8294117647058824,0.8294117647058824
aider-polyglot,gpqa-diamond,0.8294117647058824,0.8294117647058824
compilebench,replicationbench,0.8286639706546483,0.8286639706546483
gso,swebenchpro,0.8276886737720969,0.8276886737720969
kumo,skillsbench,0.8270789582758906,0.8270789582758906
swe-lancer,widesearch,0.8264705882352941,0.8264705882352941
pixiu,seal0,0.8264705882352941,0.8264705882352941
gaia,seal0,0.8264705882352941,0.8264705882352941
deepsynth,seal0,0.8264705882352941,0.8264705882352941
gaia,simpleqa,0.8264705882352941,0.8264705882352941
aime,terminal-bench,0.8264705882352941,0.8264705882352941
terminal-bench,widesearch,0.8264705882352941,0.8264705882352941
humanevalfix,swebenchpro,0.8256913274042298,0.8256913274042298
algotune,bigcodebench,0.8256072875316275,0.8256072875316275
humanevalfix,lawbench,0.8237286960992681,0.8237286960992681
gpqa-diamond,widesearch,0.8235294117647058,0.8235294117647058
financeagent_terminal,terminal-bench,0.8235294117647058,0.8235294117647058
bixbench,widesearch,0.8235294117647058,0.8235294117647058
algotune,gpqa-diamond,0.8235294117647058,0.8235294117647058
gpqa-diamond,lawbench,0.8235294117647058,0.8235294117647058
aime,hle,0.8235294117647058,0.8235294117647058
compilebench,widesearch,0.8227554931455242,0.8227554931455242
compilebench,kumo,0.8218829217881034,0.8218829217881034
arc-agi-2,spider2,0.8217976511829715,0.8217976511829715
gaia2,humanevalfix,0.82134290608198,0.82134290608198
kumo,medagentbench,0.8211922752988381,0.8211922752988381
aider-polyglot,crustbench,0.8211922752988381,0.8211922752988381
hle,qcircuitbench,0.8205882352941176,0.8205882352941176
spider2,terminal-bench,0.8205882352941176,0.8205882352941176
bixbench,swebench-verified,0.8205882352941176,0.8205882352941176
lawbench,pixiu,0.8205882352941176,0.8205882352941176
financeagent_terminal,spreadsheetbench,0.8205882352941176,0.8205882352941176
skillsbench,widesearch,0.8205882352941176,0.8205882352941176
quixbugs,skillsbench,0.8205882352941176,0.8205882352941176
hle,scicode,0.8205882352941176,0.8205882352941176
spreadsheetbench,swesmith,0.819720604554575,0.819720604554575
kumo,lawbench,0.819720604554575,0.819720604554575
swebenchpro,widesearch,0.818852139888409,0.818852139888409
aime,algotune,0.8176470588235294,0.8176470588235294
scicode,terminal-bench,0.8176470588235294,0.8176470588235294
medagentbench,widesearch,0.8176470588235294,0.8176470588235294
aider-polyglot,lawbench,0.8176470588235294,0.8176470588235294
aider-polyglot,seal0,0.8176470588235294,0.8176470588235294
hle,widesearch,0.8176470588235294,0.8176470588235294
algotune,gaia2,0.8167772630660486,0.8167772630660486
deepsynth,lawbench,0.8147058823529412,0.8147058823529412
scicode,swe-lancer,0.8147058823529412,0.8147058823529412
bixbench,quixbugs,0.8147058823529412,0.8147058823529412
scicode,widesearch,0.8147058823529412,0.8147058823529412
skillsbench,spreadsheetbench,0.8147058823529412,0.8147058823529412
arc-agi-2,gpqa-diamond,0.8129611172992838,0.8129611172992838
gaia,hle,0.8117647058823529,0.8117647058823529
aime,financeagent_terminal,0.8117647058823529,0.8117647058823529
algotune,hle,0.8117647058823529,0.8117647058823529
qcircuitbench,swebench-verified,0.8117647058823529,0.8117647058823529
financeagent_terminal,widesearch,0.8117647058823529,0.8117647058823529
omnimath,seal0,0.8108905800889961,0.8108905800889961
crustbench,swebench-verified,0.8108905800889961,0.8108905800889961
gaia2,skillsbench,0.8094189093447328,0.8094189093447328
kumo,simpleqa,0.8094189093447328,0.8094189093447328
bixbench,simpleqa,0.8088235294117647,0.8088235294117647
skillsbench,swebench-verified,0.8088235294117647,0.8088235294117647
deepsynth,gaia2,0.8079472386004697,0.8079472386004697
bixbench,humanevalfix,0.8072840215854896,0.8072840215854896
hle,lawbench,0.8058823529411765,0.8058823529411765
financeagent_terminal,gpqa-diamond,0.8058823529411765,0.8058823529411765
algotune,quixbugs,0.8058823529411765,0.8058823529411765
hle,humanevalfix,0.8057890511751461,0.8057890511751461
crustbench,skillsbench,0.8035322263676803,0.8035322263676803
crustbench,deepsynth,0.8035322263676803,0.8035322263676803
deepsynth,gaia,0.8029411764705883,0.8029411764705883
financeagent_terminal,humanevalfix,0.8013041399441156,0.8013041399441156
arc-agi-2,spreadsheetbench,0.8011790721210332,0.8011790721210332
bigcodebench,spreadsheetbench,0.8005888848791539,0.8005888848791539
algotune,crustbench,0.8005888848791539,0.8005888848791539
swtbench,terminal-bench,0.8,0.8
quixbugs,swebenchpro,0.7997063164737519,0.7997063164737519
kumo,livecodebench,0.7991172141348908,0.7991172141348908
crustbench,swe-lancer,0.7991172141348908,0.7991172141348908
bigcodebench,gso,0.7991172141348908,0.7991172141348908
kumo,seal0,0.7976455433906277,0.7976455433906277
gso,swebench-verified,0.7970588235294118,0.7970588235294118
gpqa-diamond,medagentbench,0.7970588235294118,0.7970588235294118
reasoning-gym,scicode,0.7970588235294118,0.7970588235294118
bixbench,qcircuitbench,0.7970588235294118,0.7970588235294118
financeagent_terminal,spider2,0.7970588235294118,0.7970588235294118
algotune,bixbench,0.7970588235294118,0.7970588235294118
spreadsheetbench,swe-lancer,0.7970588235294118,0.7970588235294118
financeagent_terminal,hle,0.7970588235294118,0.7970588235294118
humanevalfix,pixiu,0.7968192287130851,0.7968192287130851
humanevalfix,replicationbench,0.7968192287130851,0.7968192287130851
gaia2,swebench-verified,0.7961738726463645,0.7961738726463645
deepsynth,gso,0.7941176470588235,0.7941176470588235
deepsynth,medagentbench,0.7941176470588235,0.7941176470588235
pixiu,scicode,0.7941176470588235,0.7941176470588235
arc-agi-2,swtbench,0.7938152938846267,0.7938152938846267
arc-agi-2,medagentbench,0.7923425382373454,0.7923425382373454
financeagent_terminal,gso,0.7911764705882353,0.7911764705882353
replicationbench,widesearch,0.7911764705882353,0.7911764705882353
swe-lancer,swtbench,0.7911764705882353,0.7911764705882353
bixbench,omnimath,0.7902871896693119,0.7902871896693119
kumo,widesearch,0.7902871896693119,0.7902871896693119
bigcodebench,gaia2,0.7893961708394698,0.7893961708394698
humanevalfix,skillsbench,0.7893443766613676,0.7893443766613676
bigcodebench,mmau,0.7888155189250488,0.7888155189250488
skillsbench,spider2,0.788235294117647,0.788235294117647
gaia,gpqa-diamond,0.788235294117647,0.788235294117647
aime,swe-lancer,0.788235294117647,0.788235294117647
qcircuitbench,replicationbench,0.788235294117647,0.788235294117647
algotune,replicationbench,0.788235294117647,0.788235294117647
lawbench,spreadsheetbench,0.788235294117647,0.788235294117647
quixbugs,swe-lancer,0.788235294117647,0.788235294117647
kumo,spider2,0.7873438481807856,0.7873438481807856
algotune,kumo,0.7873438481807856,0.7873438481807856
aime,swebenchpro,0.7864515156482201,0.7864515156482201
gpqa-diamond,humanevalfix,0.7863544358406807,0.7863544358406807
aider-polyglot,scicode,0.7852941176470588,0.7852941176470588
aider-polyglot,quixbugs,0.7852941176470588,0.7852941176470588
hle,swebench-verified,0.7852941176470588,0.7852941176470588
arc-agi-2,livecodebench,0.7849787600009388,0.7849787600009388
arc-agi-2,crustbench,0.7833458280261724,0.7833458280261724
compilebench,deepsynth,0.7828732699589368,0.7828732699589368
lawbench,reasoning-gym,0.7823529411764706,0.7823529411764706
lawbench,spider2,0.7823529411764706,0.7823529411764706
gpqa-diamond,seal0,0.7823529411764706,0.7823529411764706
quixbugs,widesearch,0.7823529411764706,0.7823529411764706
compilebench,terminal-bench,0.7813961505816558,0.7813961505816558
swebenchpro,swtbench,0.7805604930590949,0.7805604930590949
mmmlu,research-code-bench,0.780163056058802,0.780163056058802
aime,medagentbench,0.7794117647058824,0.7794117647058824
arc-agi-2,quixbugs,0.7790877374118136,0.7790877374118136
arc-agi-2,swebenchpro,0.7787610619469026,0.7787610619469026
gpqa-diamond,kumo,0.7785138237152067,0.7785138237152067
gaia2,terminal-bench,0.7785138237152067,0.7785138237152067
deepsynth,swtbench,0.7764705882352941,0.7764705882352941
mmau,scicode,0.7764705882352941,0.7764705882352941
gso,terminal-bench,0.7764705882352941,0.7764705882352941
deepsynth,qcircuitbench,0.7735294117647059,0.7735294117647059
gso,quixbugs,0.7735294117647059,0.7735294117647059
quixbugs,sldbench,0.7735294117647059,0.7735294117647059
deepsynth,scicode,0.7735294117647059,0.7735294117647059
pixiu,swtbench,0.7735294117647059,0.7735294117647059
seal0,swe-lancer,0.7735294117647059,0.7735294117647059
bigcodebench,humanevalfix,0.7727206028986205,0.7727206028986205
compilebench,swebench-verified,0.7725334343179697,0.7725334343179697
livecodebench,terminal-bench,0.7705882352941177,0.7705882352941177
deepsynth,quixbugs,0.7705882352941177,0.7705882352941177
aider-polyglot,spreadsheetbench,0.7705882352941177,0.7705882352941177
aider-polyglot,aime,0.7705882352941177,0.7705882352941177
spider2,swe-lancer,0.7705882352941177,0.7705882352941177
algotune,pixiu,0.7705882352941177,0.7705882352941177
hle,quixbugs,0.7705882352941177,0.7705882352941177
arc-agi-2,scicode,0.7702512035281257,0.7702512035281257
gaia2,swesmith,0.7702503681885126,0.7702503681885126
spider2,widesearch,0.7676470588235295,0.7676470588235295
gpqa-diamond,qcircuitbench,0.7676470588235295,0.7676470588235295
seal0,terminal-bench,0.7676470588235295,0.7676470588235295
medagentbench,swtbench,0.7676470588235295,0.7676470588235295
arc-agi-2,seal0,0.7658329365862818,0.7658329365862818
kumo,swtbench,0.7652687870168383,0.7652687870168383
bigcodebench,swebench-verified,0.7652687870168383,0.7652687870168383
gaia,widesearch,0.7647058823529411,0.7647058823529411
quixbugs,spreadsheetbench,0.7647058823529411,0.7647058823529411
financeagent_terminal,gaia,0.7647058823529411,0.7647058823529411
spreadsheetbench,widesearch,0.7647058823529411,0.7647058823529411
pixiu,quixbugs,0.7647058823529411,0.7647058823529411
aime,arc-agi-2,0.7643601809390005,0.7643601809390005
deepsynth,omnimath,0.762325445528312,0.762325445528312
replicationbench,simpleqa,0.7617647058823529,0.7617647058823529
pixiu,widesearch,0.7617647058823529,0.7617647058823529
algotune,spider2,0.7617647058823529,0.7617647058823529
scicode,swtbench,0.7617647058823529,0.7617647058823529
aime,bixbench,0.7617647058823529,0.7617647058823529
quixbugs,swtbench,0.7617647058823529,0.7617647058823529
financeagent_terminal,skillsbench,0.7617647058823529,0.7617647058823529
deepsynth,livecodebench,0.7617647058823529,0.7617647058823529
omnimath,simpleqa,0.7608537747840489,0.7608537747840489
aime,swesmith,0.7608537747840489,0.7608537747840489
lawbench,swebenchpro,0.7599419139971565,0.7599419139971565
algotune,scicode,0.7588235294117647,0.7588235294117647
qcircuitbench,widesearch,0.7588235294117647,0.7588235294117647
livecodebench,qcircuitbench,0.7588235294117647,0.7588235294117647
mmau,swtbench,0.7588235294117647,0.7588235294117647
swe-lancer,swebenchpro,0.7584691583498752,0.7584691583498752
algotune,compilebench,0.7577622405451596,0.7577622405451596
swebench-verified,swebenchpro,0.7569964027025939,0.7569964027025939
crustbench,kumo,0.7569955817378498,0.7569955817378498
aider-polyglot,widesearch,0.7558823529411764,0.7558823529411764
lawbench,mmau,0.7558823529411764,0.7558823529411764
algotune,sldbench,0.7558823529411764,0.7558823529411764
pixiu,skillsbench,0.7558823529411764,0.7558823529411764
aime,gaia,0.7558823529411764,0.7558823529411764
livecodebench,usaco,0.7558823529411764,0.7558823529411764
algotune,widesearch,0.7558823529411764,0.7558823529411764
financeagent_terminal,lawbench,0.7558823529411764,0.7558823529411764
compilebench,hle,0.7548080017905976,0.7548080017905976
livecodebench,simpleqa,0.7529411764705882,0.7529411764705882
quixbugs,terminal-bench,0.7529411764705882,0.7529411764705882
kumo,spreadsheetbench,0.75202375031847,0.75202375031847
medagentbench,omnimath,0.75202375031847,0.75202375031847
gaia,medagentbench,0.75,0.75
medagentbench,swe-lancer,0.75,0.75
aider-polyglot,swtbench,0.75,0.75
hle,medagentbench,0.75,0.75
arc-agi-2,gso,0.7496326244661874,0.7496326244661874
swebench-verified,swesmith,0.7490804088299436,0.7490804088299436
aime,kumo,0.7490804088299436,0.7490804088299436
arc-agi-2,gaia2,0.7479736739854798,0.7479736739854798
financeagent_terminal,swe-lancer,0.7470588235294118,0.7470588235294118
qcircuitbench,quixbugs,0.7441176470588236,0.7441176470588236
medagentbench,reasoning-gym,0.7441176470588236,0.7441176470588236
gpqa-diamond,livecodebench,0.7441176470588236,0.7441176470588236
aider-polyglot,spider2,0.7441176470588236,0.7441176470588236
gaia2,widesearch,0.7431937258528911,0.7431937258528911
kumo,swebenchpro,0.7428152348545454,0.7428152348545454
kumo,quixbugs,0.7417220551086279,0.7417220551086279
crustbench,humanevalfix,0.7413031146878344,0.7413031146878344
hle,swtbench,0.7411764705882353,0.7411764705882353
hle,skillsbench,0.7411764705882353,0.7411764705882353
livecodebench,skillsbench,0.7411764705882353,0.7411764705882353
medagentbench,swebenchpro,0.7407960905824995,0.7407960905824995
compilebench,swebenchpro,0.7389085593561864,0.7389085593561864
bigcodebench,terminal-bench,0.7387787136201016,0.7387787136201016
deepsynth,swesmith,0.7387787136201016,0.7387787136201016
deepsynth,simpleqa,0.7382352941176471,0.7382352941176471
bixbench,gaia,0.7382352941176471,0.7382352941176471
livecodebench,omnimath,0.7373070428758385,0.7373070428758385
gaia2,quixbugs,0.7358353721315753,0.7358353721315753
compilebench,lawbench,0.7356054498859445,0.7356054498859445
humanevalfix,qcircuitbench,0.7355254418890016,0.7355254418890016
algotune,lawbench,0.7352941176470589,0.7352941176470589
kumo,scicode,0.7343637013873122,0.7343637013873122
arc-agi-2,financeagent_terminal,0.733432312346093,0.733432312346093
omnimath,terminal-bench,0.732892030643049,0.732892030643049
gso,swesmith,0.732892030643049,0.732892030643049
aider-polyglot,gso,0.7323529411764705,0.7323529411764705
hle,simpleqa,0.7323529411764705,0.7323529411764705
bixbench,lawbench,0.7323529411764705,0.7323529411764705
gpqa-diamond,replicationbench,0.7323529411764705,0.7323529411764705
compilebench,gso,0.7296969723768204,0.7296969723768204
bixbench,spider2,0.7294117647058823,0.7294117647058823
aime,spreadsheetbench,0.7294117647058823,0.7294117647058823
aime,spider2,0.7294117647058823,0.7294117647058823
gaia,terminal-bench,0.7294117647058823,0.7294117647058823
medagentbench,swebench-verified,0.7294117647058823,0.7294117647058823
crustbench,pixiu,0.7284770184102596,0.7284770184102596
bigcodebench,crustbench,0.7282768777614138,0.7282768777614138
aider-polyglot,swebenchpro,0.7275412897569676,0.7275412897569676
compilebench,spreadsheetbench,0.7267427336222584,0.7267427336222584
spider2,swtbench,0.7264705882352941,0.7264705882352941
aime,widesearch,0.7264705882352941,0.7264705882352941
replicationbench,swtbench,0.7264705882352941,0.7264705882352941
swebench-verified,swtbench,0.7264705882352941,0.7264705882352941
gso,swe-lancer,0.7264705882352941,0.7264705882352941
compilebench,gaia2,0.7243212799931128,0.7243212799931128
gaia2,lawbench,0.7240620061774701,0.7240620061774701
compilebench,livecodebench,0.7237884948676964,0.7237884948676964
financeagent_terminal,swtbench,0.7235294117647059,0.7235294117647059
aime,scicode,0.7235294117647059,0.7235294117647059
reasoning-gym,terminal-bench,0.7235294117647059,0.7235294117647059
bixbench,swebenchpro,0.7231230228151238,0.7231230228151238
aider-polyglot,medagentbench,0.7205882352941176,0.7205882352941176
medagentbench,qcircuitbench,0.7205882352941176,0.7205882352941176
arc-agi-2,simpleqa,0.7201775115205611,0.7201775115205611
compilebench,spider2,0.7193571367358532,0.7193571367358532
kumo,omnimath,0.7187039764359352,0.7187039764359352
compilebench,humanevalfix,0.7185203074229426,0.7185203074229426
gpqa-diamond,swebench-verified,0.7176470588235294,0.7176470588235294
algotune,seal0,0.7176470588235294,0.7176470588235294
gpqa-diamond,reasoning-gym,0.7176470588235294,0.7176470588235294
financeagent_terminal,quixbugs,0.7176470588235294,0.7176470588235294
aider-polyglot,omnimath,0.7167036524561544,0.7167036524561544
quixbugs,seal0,0.7147058823529412,0.7147058823529412
bixbench,spreadsheetbench,0.7147058823529412,0.7147058823529412
aime,swebench-verified,0.7147058823529412,0.7147058823529412
livecodebench,quixbugs,0.7147058823529412,0.7147058823529412
algotune,qcircuitbench,0.7147058823529412,0.7147058823529412
bixbench,financeagent_terminal,0.7147058823529412,0.7147058823529412
financeagent_terminal,mmau,0.7147058823529412,0.7147058823529412
aime,skillsbench,0.7147058823529412,0.7147058823529412
bigcodebench,deepsynth,0.713760310967628,0.713760310967628
aider-polyglot,bigcodebench,0.7122886402233649,0.7122886402233649
omnimath,scicode,0.7122886402233649,0.7122886402233649
crustbench,qcircuitbench,0.7122886402233649,0.7122886402233649
bigcodebench,swebenchpro,0.7118646000689394,0.7118646000689394
aime,lawbench,0.711764705882353,0.711764705882353
swebench-verified,widesearch,0.711764705882353,0.711764705882353
quixbugs,replicationbench,0.711764705882353,0.711764705882353
medagentbench,spider2,0.711764705882353,0.711764705882353
humanevalfix,seal0,0.7116059153235057,0.7116059153235057
labbench,mmmlu,0.710917547354678,0.710917547354678
gaia2,swe-lancer,0.7108169694791018,0.7108169694791018
gaia2,swtbench,0.7108169694791018,0.7108169694791018
replicationbench,swebenchpro,0.709868221989592,0.709868221989592
swesmith,terminal-bench,0.7093452987348386,0.7093452987348386
gso,sldbench,0.7088235294117647,0.7088235294117647
spreadsheetbench,swtbench,0.7088235294117647,0.7088235294117647
aider-polyglot,financeagent_terminal,0.7088235294117647,0.7088235294117647
humanevalfix,medagentbench,0.7071210040924751,0.7071210040924751
lawbench,replicationbench,0.7058823529411765,0.7058823529411765
quixbugs,spider2,0.7058823529411765,0.7058823529411765
labbench,simpleqa,0.7058823529411765,0.7058823529411765
replicationbench,spider2,0.7058823529411765,0.7058823529411765
bigcodebench,spider2,0.703458615757786,0.703458615757786
aime,seal0,0.7029411764705882,0.7029411764705882
financeagent_terminal,swebench-verified,0.7029411764705882,0.7029411764705882
skillsbench,swtbench,0.7029411764705882,0.7029411764705882
reasoning-gym,swtbench,0.7029411764705882,0.7029411764705882
gpqa-diamond,quixbugs,0.7029411764705882,0.7029411764705882
hle,spreadsheetbench,0.7029411764705882,0.7029411764705882
gso,kumo,0.7019869450135229,0.7019869450135229
omnimath,swe-lancer,0.7019869450135229,0.7019869450135229
bigcodebench,skillsbench,0.7005152742692597,0.7005152742692597
arc-agi-2,omnimath,0.6986000423036796,0.6986000423036796
bigcodebench,swe-lancer,0.6975719327807334,0.6975719327807334
gpqa-diamond,spreadsheetbench,0.6970588235294117,0.6970588235294117
seal0,skillsbench,0.6970588235294117,0.6970588235294117
humanevalfix,livecodebench,0.6951612408097272,0.6951612408097272
crustbench,scicode,0.6946285912922071,0.6946285912922071
bixbench,gso,0.6941176470588235,0.6941176470588235
humanevalfix,quixbugs,0.6936662703993837,0.6936662703993837
humanevalfix,omnimath,0.6919327760708848,0.6919327760708848
qcircuitbench,skillsbench,0.6911764705882353,0.6911764705882353
hle,spider2,0.6911764705882353,0.6911764705882353
algotune,livecodebench,0.6911764705882353,0.6911764705882353
replicationbench,scicode,0.6911764705882353,0.6911764705882353
algotune,mmau,0.6911764705882353,0.6911764705882353
scicode,swebench-verified,0.6911764705882353,0.6911764705882353
mmau,terminal-bench,0.6911764705882353,0.6911764705882353
gaia2,kumo,0.6907216494845361,0.6907216494845361
bigcodebench,financeagent_terminal,0.6902135790594176,0.6902135790594176
bixbench,crustbench,0.6902135790594176,0.6902135790594176
omnimath,swesmith,0.6892488954344624,0.6892488954344624
compilebench,seal0,0.688337629812952,0.688337629812952
bixbench,medagentbench,0.6882352941176471,0.6882352941176471
replicationbench,spreadsheetbench,0.6882352941176471,0.6882352941176471
gaia,replicationbench,0.6882352941176471,0.6882352941176471
aime,replicationbench,0.6882352941176471,0.6882352941176471
qcircuitbench,seal0,0.6882352941176471,0.6882352941176471
humanevalfix,widesearch,0.6876863887580097,0.6876863887580097
algotune,swesmith,0.6872702375708913,0.6872702375708913
gaia,kumo,0.6872702375708913,0.6872702375708913
kumo,swesmith,0.6863033873343152,0.6863033873343152
crustbench,livecodebench,0.6857985668266282,0.6857985668266282
labbench,livecodebench,0.6852941176470588,0.6852941176470588
bixbench,scicode,0.6852941176470588,0.6852941176470588
bigcodebench,compilebench,0.6844096992587984,0.6844096992587984
gpqa-diamond,skillsbench,0.6823529411764706,0.6823529411764706
bixbench,swtbench,0.6823529411764706,0.6823529411764706
hle,swebenchpro,0.681885864691247,0.681885864691247
gaia,swebenchpro,0.6804131090439657,0.6804131090439657
humanevalfix,swtbench,0.6802115367062922,0.6802115367062922
bigcodebench,lawbench,0.6799118838495756,0.6799118838495756
omnimath,pixiu,0.6799118838495756,0.6799118838495756
omnimath,widesearch,0.6799118838495756,0.6799118838495756
pixiu,strongreject,-0.6794117647058824,0.6794117647058824
bixbench,sldbench,0.6794117647058824,0.6794117647058824
financeagent_terminal,scicode,0.6794117647058824,0.6794117647058824
gpqa-diamond,swebenchpro,0.6789403533966845,0.6789403533966845
aider-polyglot,gaia2,0.6784402131053124,0.6784402131053124
algotune,omnimath,0.6769685423610493,0.6769685423610493
medagentbench,pixiu,0.6764705882352942,0.6764705882352942
medagentbench,spreadsheetbench,0.6764705882352942,0.6764705882352942
livecodebench,swebench-verified,0.6764705882352942,0.6764705882352942
humanevalfix,scicode,0.6757266254752616,0.6757266254752616
aime,gaia2,0.674025200872523,0.674025200872523
swebenchpro,swesmith,0.6735447665248556,0.6735447665248556
pixiu,spreadsheetbench,0.6735294117647059,0.6735294117647059
financeagent_terminal,medagentbench,0.6735294117647059,0.6735294117647059
algotune,medagentbench,0.6735294117647059,0.6735294117647059
gpqa-diamond,swtbench,0.6735294117647059,0.6735294117647059
financeagent_terminal,swesmith,0.6725535301282598,0.6725535301282598
gpqa-diamond,sldbench,0.6705882352941176,0.6705882352941176
sldbench,widesearch,0.6705882352941176,0.6705882352941176
algotune,swtbench,0.6705882352941176,0.6705882352941176
quixbugs,swebench-verified,0.6705882352941176,0.6705882352941176
financeagent_terminal,omnimath,0.6696101886397335,0.6696101886397335
financeagent_terminal,replicationbench,0.6676470588235294,0.6676470588235294
aider-polyglot,simpleqa,0.6676470588235294,0.6676470588235294
medagentbench,swesmith,0.6666668471512073,0.6666668471512073
compilebench,financeagent_terminal,0.6661808391537368,0.6661808391537368
mmau,swebenchpro,0.6656855525711526,0.6656855525711526
aime,simpleqa,0.6647058823529411,0.6647058823529411
financeagent_terminal,seal0,0.6647058823529411,0.6647058823529411
lawbench,quixbugs,0.6647058823529411,0.6647058823529411
qcircuitbench,reasoning-gym,0.6647058823529411,0.6647058823529411
aime,livecodebench,0.6647058823529411,0.6647058823529411
simpleqa,terminal-bench,0.6647058823529411,0.6647058823529411
crustbench,lawbench,0.6637235056626809,0.6637235056626809
arc-agi-2,bigcodebench,0.6624909683871392,0.6624909683871392
simpleqa,swe-lancer,0.6617647058823529,0.6617647058823529
pixiu,simpleqa,0.6617647058823529,0.6617647058823529
aime,gso,0.6617647058823529,0.6617647058823529
codepde,mmau,0.6617554859805107,0.6617554859805107
crustbench,swebenchpro,0.6617540485112914,0.6617540485112914
arc-agi-2,gaia,0.6612672856293087,0.6612672856293087
bfcl,spreadsheetbench,0.6588235294117647,0.6588235294117647
lawbench,skillsbench,0.6588235294117647,0.6588235294117647
deepsynth,sldbench,0.6588235294117647,0.6588235294117647
qcircuitbench,usaco,0.6588235294117647,0.6588235294117647
simpleqa,skillsbench,0.6588235294117647,0.6588235294117647
qcircuitbench,sldbench,0.6588235294117647,0.6588235294117647
skillsbench,sldbench,0.6588235294117647,0.6588235294117647
bigcodebench,swtbench,0.6563651519413652,0.6563651519413652
sldbench,terminal-bench,0.6558823529411765,0.6558823529411765
gaia,livecodebench,0.6558823529411765,0.6558823529411765
gaia,swe-lancer,0.6558823529411765,0.6558823529411765
seal0,widesearch,0.6558823529411765,0.6558823529411765
pixiu,usaco,0.6558823529411765,0.6558823529411765
arc-agi-2,swesmith,0.6536479298769661,0.6536479298769661
humanevalfix,mmau,0.6533020693201091,0.6533020693201091
algotune,gaia,0.6529411764705882,0.6529411764705882
gpqa-diamond,mmau,0.6529411764705882,0.6529411764705882
qcircuitbench,strongreject,-0.6529411764705882,0.6529411764705882
compilebench,crustbench,0.6526282553407332,0.6526282553407332
lawbench,swesmith,0.6519501397085757,0.6519501397085757
humanevalfix,reasoning-gym,0.6518070989097656,0.6518070989097656
bixbench,gaia2,0.6504784689643126,0.6504784689643126
quixbugs,strongreject,-0.65,0.65
sldbench,spreadsheetbench,0.65,0.65
qcircuitbench,spreadsheetbench,0.65,0.65
financeagent_terminal,kumo,0.6490067982200495,0.6490067982200495
crustbench,hle,0.6475351274757863,0.6475351274757863
financeagent_terminal,pixiu,0.6470588235294118,0.6470588235294118
labbench,replicationbench,0.6470588235294118,0.6470588235294118
aime,pixiu,0.6470588235294118,0.6470588235294118
financeagent_terminal,reasoning-gym,0.6470588235294118,0.6470588235294118
medagentbench,replicationbench,0.6470588235294118,0.6470588235294118
livecodebench,scicode,0.6470588235294118,0.6470588235294118
compilebench,sldbench,0.6469782872490837,0.6469782872490837
omnimath,replicationbench,0.6460634567315231,0.6460634567315231
compilebench,gpqa-diamond,0.6455011678718027,0.6455011678718027
gpqa-diamond,simpleqa,0.6441176470588236,0.6441176470588236
pixiu,sldbench,0.6441176470588236,0.6441176470588236
livecodebench,widesearch,0.6441176470588236,0.6441176470588236
aime,reasoning-gym,0.6441176470588236,0.6441176470588236
arc-agi-2,sldbench,0.6435942178619329,0.6435942178619329
compilebench,scicode,0.6425469291172407,0.6425469291172407
aider-polyglot,swesmith,0.6416484444987337,0.6416484444987337
gso,lawbench,0.6411764705882353,0.6411764705882353
hle,reasoning-gym,0.6411764705882353,0.6411764705882353
bixbench,labbench,0.6411764705882353,0.6411764705882353
labbench,seal0,0.6411764705882353,0.6411764705882353
reasoning-gym,swebenchpro,0.6406487065673703,0.6406487065673703
gpqa-diamond,swesmith,0.6401767737544706,0.6401767737544706
crustbench,swtbench,0.6387051030102073,0.6387051030102073
kumo,sldbench,0.6387051030102073,0.6387051030102073
gso,replicationbench,0.638235294117647,0.638235294117647
aime,quixbugs,0.638235294117647,0.638235294117647
bfcl,swebench-verified,0.638235294117647,0.638235294117647
pixiu,spider2,0.638235294117647,0.638235294117647
gso,widesearch,0.638235294117647,0.638235294117647
gaia,scicode,0.638235294117647,0.638235294117647
bfcl,swesmith,0.6372334322659442,0.6372334322659442
hle,swesmith,0.6372334322659442,0.6372334322659442
bigcodebench,scicode,0.6357617615216811,0.6357617615216811
lawbench,omnimath,0.6357617615216811,0.6357617615216811
mmau,widesearch,0.6352941176470588,0.6352941176470588
gso,pixiu,0.6352941176470588,0.6352941176470588
research-code-bench,skillsbench,0.6346906679704016,0.6346906679704016
gaia2,replicationbench,0.6342900907774179,0.6342900907774179
crustbench,widesearch,0.6328184200331548,0.6328184200331548
aime,bfcl,0.6323529411764706,0.6323529411764706
seal0,swebench-verified,0.6323529411764706,0.6323529411764706
gpqa-diamond,spider2,0.6323529411764706,0.6323529411764706
seal0,usaco,0.6323529411764706,0.6323529411764706
labbench,research-code-bench,0.6317386183519347,0.6317386183519347
mmmlu,widesearch,0.6312711831282203,0.6312711831282203
crustbench,gso,0.6298750785446284,0.6298750785446284
crustbench,spreadsheetbench,0.6298750785446284,0.6298750785446284
mmau,qcircuitbench,0.6294117647058823,0.6294117647058823
medagentbench,simpleqa,0.6294117647058823,0.6294117647058823
aider-polyglot,reasoning-gym,0.6294117647058823,0.6294117647058823
hle,sldbench,0.6294117647058823,0.6294117647058823
gso,hle,0.6294117647058823,0.6294117647058823
mmau,swe-lancer,0.6294117647058823,0.6294117647058823
reasoning-gym,usaco,0.6264705882352941,0.6264705882352941
aider-polyglot,gaia,0.6264705882352941,0.6264705882352941
humanevalfix,strongreject,-0.6263926019339262,0.6263926019339262
bixbench,mmmlu,0.625371452444779,0.625371452444779
gaia,skillsbench,0.6235294117647059,0.6235294117647059
reasoning-gym,swe-lancer,0.6235294117647059,0.6235294117647059
aider-polyglot,strongreject,-0.6235294117647059,0.6235294117647059
hle,strongreject,-0.6235294117647059,0.6235294117647059
crustbench,medagentbench,0.6210450540790495,0.6210450540790495
deepsynth,mmau,0.6205882352941177,0.6205882352941177
bigcodebench,replicationbench,0.6195733833347864,0.6195733833347864
crustbench,reasoning-gym,0.6181017125905233,0.6181017125905233
crustbench,seal0,0.6181017125905233,0.6181017125905233
scicode,sldbench,0.6176470588235294,0.6176470588235294
aider-polyglot,mmau,0.6176470588235294,0.6176470588235294
strongreject,swebench-verified,-0.6176470588235294,0.6176470588235294
simpleqa,widesearch,0.6176470588235294,0.6176470588235294
gso,strongreject,-0.6176470588235294,0.6176470588235294
humanevalfix,simpleqa,0.6174227794718652,0.6174227794718652
crustbench,financeagent_terminal,0.6166300418462601,0.6166300418462601
bfcl,humanevalfix,0.6159278090615217,0.6159278090615217
gaia2,medagentbench,0.615158371101997,0.615158371101997
gaia2,hle,0.615158371101997,0.615158371101997
gpqa-diamond,gso,0.6147058823529412,0.6147058823529412
scicode,spreadsheetbench,0.6147058823529412,0.6147058823529412
gaia,pixiu,0.6147058823529412,0.6147058823529412
algotune,reasoning-gym,0.6147058823529412,0.6147058823529412
scicode,skillsbench,0.6147058823529412,0.6147058823529412
crustbench,mmau,0.6136867003577339,0.6136867003577339
scicode,seal0,0.611764705882353,0.611764705882353
bfcl,spider2,0.611764705882353,0.611764705882353
gaia,ineqmath,0.611764705882353,0.611764705882353
pixiu,swebenchpro,0.6097208379744627,0.6097208379744627
gaia,swtbench,0.6088235294117647,0.6088235294117647
deepsynth,reasoning-gym,0.6088235294117647,0.6088235294117647
strongreject,swe-lancer,-0.6088235294117647,0.6088235294117647
aider-polyglot,sldbench,0.6088235294117647,0.6088235294117647
medagentbench,skillsbench,0.6088235294117647,0.6088235294117647
gaia,spider2,0.6088235294117647,0.6088235294117647
gaia,swesmith,0.6078000173806812,0.6078000173806812
bixbench,swesmith,0.6078000173806812,0.6078000173806812
simpleqa,swesmith,0.6063283466364181,0.6063283466364181
spreadsheetbench,strongreject,-0.6058823529411764,0.6058823529411764
medagentbench,mmau,0.6058823529411764,0.6058823529411764
mmau,spreadsheetbench,0.6058823529411764,0.6058823529411764
quixbugs,usaco,0.6058823529411764,0.6058823529411764
mmmlu,skillsbench,0.6047223950527344,0.6047223950527344
qcircuitbench,swebenchpro,0.6038298153853375,0.6038298153853375
crustbench,gpqa-diamond,0.6033850051478917,0.6033850051478917
omnimath,quixbugs,0.6019133344036286,0.6019133344036286
mmmlu,simpleqa,0.6017725297110138,0.6017725297110138
bigcodebench,kumo,0.6008836524300442,0.6008836524300442
seal0,swtbench,0.6,0.6
gaia,sldbench,0.6,0.6
seal0,sldbench,0.6,0.6
gaia,lawbench,0.6,0.6
reasoning-gym,widesearch,0.6,0.6
gaia,humanevalfix,0.5994831345477432,0.5994831345477432
hle,mmau,0.5970588235294118,0.5970588235294118
qcircuitbench,spider2,0.5970588235294118,0.5970588235294118
quixbugs,scicode,0.5970588235294118,0.5970588235294118
pixiu,reasoning-gym,0.5970588235294118,0.5970588235294118
scicode,swebenchpro,0.596466037148931,0.596466037148931
swe-lancer,swesmith,0.5960266514265761,0.5960266514265761
bigcodebench,quixbugs,0.5945549806823128,0.5945549806823128
financeagent_terminal,sldbench,0.5941176470588235,0.5941176470588235
livecodebench,swtbench,0.5941176470588235,0.5941176470588235
gaia,quixbugs,0.5941176470588235,0.5941176470588235
sldbench,swe-lancer,0.5941176470588235,0.5941176470588235
sldbench,swebenchpro,0.5935205258543683,0.5935205258543683
bigcodebench,swesmith,0.593519882179676,0.593519882179676
gaia,mmmlu,0.5929229336858518,0.5929229336858518
seal0,swebenchpro,0.5920477702070871,0.5920477702070871
omnimath,reasoning-gym,0.5916116391937866,0.5916116391937866
bigcodebench,qcircuitbench,0.5901399684495234,0.5901399684495234
gaia2,gpqa-diamond,0.5886682977052603,0.5886682977052603
omnimath,swebenchpro,0.5873251410506674,0.5873251410506674
gso,qcircuitbench,0.5852941176470589,0.5852941176470589
lawbench,strongreject,-0.5852941176470589,0.5852941176470589
gso,swtbench,0.5852941176470589,0.5852941176470589
crustbench,gaia2,0.5846833578792342,0.5846833578792342
gaia2,sldbench,0.5827816147282077,0.5827816147282077
simpleqa,spider2,0.5823529411764706,0.5823529411764706
crustbench,spider2,0.5813099439839445,0.5813099439839445
omnimath,swebench-verified,0.5813099439839445,0.5813099439839445
bigcodebench,widesearch,0.5813099439839445,0.5813099439839445
bixbench,usaco,0.5794117647058824,0.5794117647058824
medagentbench,quixbugs,0.5794117647058824,0.5794117647058824
aime,mmau,0.5794117647058824,0.5794117647058824
compilebench,medagentbench,0.5775536765168761,0.5775536765168761
simpleqa,swebench-verified,0.5764705882352941,0.5764705882352941
aime,bigcodebench,0.5739515902626288,0.5739515902626288
lawbench,livecodebench,0.5735294117647058,0.5735294117647058
medagentbench,seal0,0.5735294117647058,0.5735294117647058
hle,usaco,0.5735294117647058,0.5735294117647058
mmau,swebench-verified,0.5735294117647058,0.5735294117647058
research-code-bench,simpleqa,0.572697625982595,0.572697625982595
gaia2,mmau,0.5724799195183656,0.5724799195183656
bigcodebench,pixiu,0.5724799195183656,0.5724799195183656
gaia2,pixiu,0.5710082487741025,0.5710082487741025
medagentbench,sldbench,0.5705882352941176,0.5705882352941176
financeagent_terminal,qcircuitbench,0.5705882352941176,0.5705882352941176
arc-agi-2,strongreject,-0.5684836798505861,0.5684836798505861
bigcodebench,reasoning-gym,0.5680649072855761,0.5680649072855761
aider-polyglot,usaco,0.5676470588235294,0.5676470588235294
bfcl,gso,0.5676470588235294,0.5676470588235294
bixbench,strongreject,-0.5676470588235294,0.5676470588235294
lawbench,seal0,0.5647058823529412,0.5647058823529412
reasoning-gym,swebench-verified,0.5647058823529412,0.5647058823529412
gaia,spreadsheetbench,0.5647058823529412,0.5647058823529412
aime,crustbench,0.5636498950527867,0.5636498950527867
omnimath,qcircuitbench,0.5621782243085236,0.5621782243085236
algotune,simpleqa,0.5617647058823529,0.5617647058823529
bfcl,swe-lancer,0.5617647058823529,0.5617647058823529
gpqa-diamond,strongreject,-0.5617647058823529,0.5617647058823529
gaia,reasoning-gym,0.5588235294117647,0.5588235294117647
mmau,pixiu,0.5588235294117647,0.5588235294117647
simpleqa,swebenchpro,0.5567016346723356,0.5567016346723356
kumo,labbench,0.556291541331471,0.556291541331471
lawbench,sldbench,0.5558823529411765,0.5558823529411765
bfcl,terminal-bench,0.5558823529411765,0.5558823529411765
sldbench,swtbench,0.5558823529411765,0.5558823529411765
omnimath,skillsbench,0.5548198705872078,0.5548198705872078
omnimath,spider2,0.5548198705872078,0.5548198705872078
mmmlu,seal0,0.5545746842434833,0.5545746842434833
replicationbench,research-code-bench,0.5535093034625596,0.5535093034625596
algotune,bfcl,0.5529411764705883,0.5529411764705883
seal0,swesmith,0.5518765290986815,0.5518765290986815
livecodebench,swebenchpro,0.5508106120832104,0.5508106120832104
bfcl,gpqa-diamond,0.55,0.55
replicationbench,usaco,0.55,0.55
quixbugs,simpleqa,0.55,0.55
omnimath,sldbench,0.5489331876101552,0.5489331876101552
gaia2,qcircuitbench,0.5489331876101552,0.5489331876101552
codepde,reasoning-gym,0.5482695785851892,0.5482695785851892
aime,compilebench,0.5480112889712557,0.5480112889712557
compilebench,strongreject,-0.5480112889712557,0.5480112889712557
aime,swtbench,0.5470588235294118,0.5470588235294118
aime,qcircuitbench,0.5470588235294118,0.5470588235294118
mmau,quixbugs,0.5470588235294118,0.5470588235294118
compilebench,mmau,0.5465341695939747,0.5465341695939747
compilebench,labbench,0.5465341695939747,0.5465341695939747
omnimath,spreadsheetbench,0.5459898461216289,0.5459898461216289
arc-agi-2,reasoning-gym,0.5434468338468038,0.5434468338468038
gaia,gaia2,0.5430465046331026,0.5430465046331026
bfcl,gaia2,0.5415748338888394,0.5415748338888394
algotune,strongreject,-0.5411764705882353,0.5411764705882353
strongreject,terminal-bench,-0.5411764705882353,0.5411764705882353
livecodebench,medagentbench,0.5411764705882353,0.5411764705882353
spider2,strongreject,-0.5411764705882353,0.5411764705882353
compilebench,mmmlu,0.5407413341471944,0.5407413341471944
kumo,reasoning-gym,0.5401031631445763,0.5401031631445763
bigcodebench,hle,0.5401031631445763,0.5401031631445763
livecodebench,reasoning-gym,0.538235294117647,0.538235294117647
gso,seal0,0.538235294117647,0.538235294117647
seal0,spider2,0.538235294117647,0.538235294117647
crustbench,gaia,0.53715982165605,0.53715982165605
compilebench,simpleqa,0.5361943339530076,0.5361943339530076
deepsynth,strongreject,-0.5352941176470588,0.5352941176470588
swe-lancer,usaco,0.5352941176470588,0.5352941176470588
bigcodebench,gpqa-diamond,0.5327448094232605,0.5327448094232605
simpleqa,sldbench,0.5323529411764706,0.5323529411764706
arc-agi-2,labbench,0.5316647886685533,0.5316647886685533
kumo,strongreject,-0.5312731386789974,0.5312731386789974
bigcodebench,medagentbench,0.5312731386789974,0.5312731386789974
crustbench,sldbench,0.5312731386789974,0.5312731386789974
mmmlu,quixbugs,0.530975761509718,0.530975761509718
bigcodebench,codepde,0.5302365649411914,0.5302365649411914
swtbench,usaco,0.5294117647058824,0.5294117647058824
replicationbench,sldbench,0.5294117647058824,0.5294117647058824
humanevalfix,sldbench,0.5292195252615988,0.5292195252615988
skillsbench,swesmith,0.5283297971904711,0.5283297971904711
swesmith,widesearch,0.5268581264462079,0.5268581264462079
mmau,replicationbench,0.5264705882352941,0.5264705882352941
sldbench,swebench-verified,0.5264705882352941,0.5264705882352941
scicode,spider2,0.5264705882352941,0.5264705882352941
qcircuitbench,simpleqa,0.5264705882352941,0.5264705882352941
gaia2,strongreject,-0.5253864557019448,0.5253864557019448
mmmlu,replicationbench,0.5250760308262767,0.5250760308262767
gaia,swebench-verified,0.5235294117647059,0.5235294117647059
aider-polyglot,bfcl,0.5235294117647059,0.5235294117647059
seal0,spreadsheetbench,0.5235294117647059,0.5235294117647059
replicationbench,swesmith,0.5224431142134185,0.5224431142134185
compilebench,usaco,0.5214231401801975,0.5214231401801975
arc-agi-2,mmau,0.5213554991375842,0.5213554991375842
compilebench,research-code-bench,0.5211269037457874,0.5211269037457874
financeagent_terminal,livecodebench,0.5205882352941177,0.5205882352941177
reasoning-gym,replicationbench,0.5205882352941177,0.5205882352941177
crustbench,simpleqa,0.5194997727248922,0.5194997727248922
hle,mmmlu,0.5191763001428354,0.5191763001428354
pixiu,swesmith,0.518028101980629,0.518028101980629
crustbench,quixbugs,0.518028101980629,0.518028101980629
labbench,pixiu,0.5176470588235295,0.5176470588235295
gso,medagentbench,0.5176470588235295,0.5176470588235295
quixbugs,swesmith,0.5150847604921027,0.5150847604921027
gpqa-diamond,usaco,0.5147058823529411,0.5147058823529411
bfcl,deepsynth,0.5147058823529411,0.5147058823529411
bfcl,omnimath,0.5136130897478396,0.5136130897478396
gaia,qcircuitbench,0.5117647058823529,0.5117647058823529
gso,mmau,0.5088235294117647,0.5088235294117647
bfcl,bixbench,0.5088235294117647,0.5088235294117647
financeagent_terminal,mmmlu,0.5073768387759527,0.5073768387759527
arc-agi-2,bfcl,0.5066279426647711,0.5066279426647711
financeagent_terminal,simpleqa,0.5058823529411764,0.5058823529411764
mmau,skillsbench,0.5058823529411764,0.5058823529411764
reasoning-gym,seal0,0.5058823529411764,0.5058823529411764
mmau,spider2,0.5058823529411764,0.5058823529411764
gaia,research-code-bench,0.5033244599486209,0.5033244599486209
bfcl,financeagent_terminal,0.5029411764705882,0.5029411764705882
bfcl,lawbench,0.5029411764705882,0.5029411764705882
simpleqa,spreadsheetbench,0.5029411764705882,0.5029411764705882
sldbench,spider2,0.5029411764705882,0.5029411764705882
gaia2,scicode,0.5003680530494712,0.5003680530494712
livecodebench,sldbench,0.5,0.5
financeagent_terminal,strongreject,-0.4970588235294118,0.4970588235294118
bfcl,medagentbench,0.4970588235294118,0.4970588235294118
bigcodebench,bixbench,0.4944813700724186,0.4944813700724186
hle,labbench,0.49411764705882355,0.49411764705882355
bfcl,hle,0.49411764705882355,0.49411764705882355
gso,scicode,0.49411764705882355,0.49411764705882355
bfcl,swebenchpro,0.4933731418392392,0.4933731418392392
arc-agi-2,mmmlu,0.4933535662742652,0.4933535662742652
terminal-bench,usaco,0.49117647058823527,0.49117647058823527
livecodebench,spreadsheetbench,0.49117647058823527,0.49117647058823527
compilebench,gaia,0.4904036332572963,0.4904036332572963
deepsynth,research-code-bench,0.4885642118562859,0.4885642118562859
research-code-bench,widesearch,0.4870881870470524,0.4870881870470524
strongreject,swesmith,-0.4856513456068397,0.4856513456068397
bixbench,research-code-bench,0.48561216223781895,0.48561216223781895
labbench,skillsbench,0.4852941176470588,0.4852941176470588
financeagent_terminal,ineqmath,0.4852941176470588,0.4852941176470588
mmmlu,omnimath,0.4826580095389249,0.4826580095389249
aime,sldbench,0.4823529411764706,0.4823529411764706
gso,simpleqa,0.47941176470588237,0.47941176470588237
livecodebench,spider2,0.47941176470588237,0.47941176470588237
quixbugs,reasoning-gym,0.47941176470588237,0.47941176470588237
research-code-bench,seal0,0.47823203819165144,0.47823203819165144
deepsynth,mmmlu,0.4778781853587462,0.4778781853587462
livecodebench,mmmlu,0.4778781853587462,0.4778781853587462
aime,mmmlu,0.4778781853587462,0.4778781853587462
strongreject,swtbench,-0.4764705882352941,0.4764705882352941
reasoning-gym,spreadsheetbench,0.4764705882352941,0.4764705882352941
bixbench,reasoning-gym,0.4764705882352941,0.4764705882352941
gaia2,seal0,0.47534965039699767,0.47534965039699767
omnimath,swtbench,0.47534965039699767,0.47534965039699767
compilebench,omnimath,0.47450434873018205,0.47450434873018205
research-code-bench,swebenchpro,0.47450227506958736,0.47450227506958736
bfcl,skillsbench,0.47352941176470587,0.47352941176470587
sldbench,strongreject,-0.47352941176470587,0.47352941176470587
labbench,widesearch,0.47352941176470587,0.47352941176470587
gaia,gso,0.47058823529411764,0.47058823529411764
mmmlu,swebenchpro,0.4697198625006477,0.4697198625006477
scicode,swesmith,0.46946296741994503,0.46946296741994503
lawbench,simpleqa,0.4676470588235294,0.4676470588235294
gso,livecodebench,0.4676470588235294,0.4676470588235294
livecodebench,mmau,0.4676470588235294,0.4676470588235294
ineqmath,reasoning-gym,0.4676470588235294,0.4676470588235294
ineqmath,swebenchpro,0.4668635401881756,0.4668635401881756
gaia2,simpleqa,0.4650479551871556,0.4650479551871556
gaia,labbench,0.4647058823529412,0.4647058823529412
mmau,usaco,0.4647058823529412,0.4647058823529412
gaia2,research-code-bench,0.4638129545106964,0.4638129545106964
kumo,usaco,0.46357628444289245,0.46357628444289245
kumo,mmau,0.46357628444289245,0.46357628444289245
aider-polyglot,labbench,0.46176470588235297,0.46176470588235297
sldbench,swesmith,0.46063294295436613,0.46063294295436613
omnimath,usaco,0.459161272210103,0.459161272210103
research-code-bench,spider2,0.45904371567161606,0.45904371567161606
labbench,swe-lancer,0.4588235294117647,0.4588235294117647
simpleqa,swtbench,0.4588235294117647,0.4588235294117647
swesmith,swtbench,0.45768960146583987,0.45768960146583987
seal0,strongreject,-0.45588235294117646,0.45588235294117646
scicode,simpleqa,0.45588235294117646,0.45588235294117646
gso,omnimath,0.45474625997731355,0.45474625997731355
bigcodebench,sldbench,0.45474625997731355,0.45474625997731355
bfcl,kumo,0.45474625997731355,0.45474625997731355
scicode,usaco,0.45294117647058824,0.45294117647058824
arc-agi-2,usaco,0.4506632280680812,0.4506632280680812
gaia,mmau,0.45,0.45
gpqa-diamond,mmmlu,0.4483795319415397,0.4483795319415397
labbench,omnimath,0.4473879062559978,0.4473879062559978
strongreject,usaco,-0.4470588235294118,0.4470588235294118
lawbench,usaco,0.4470588235294118,0.4470588235294118
compilebench,swesmith,0.44567931819984385,0.44567931819984385
arc-agi-2,research-code-bench,0.4449382703923545,0.4449382703923545
mmmlu,swe-lancer,0.4424798012580984,0.4424798012580984
gaia2,omnimath,0.4418262150220913,0.4418262150220913
crustbench,omnimath,0.4418262150220913,0.4418262150220913
bfcl,replicationbench,0.4411764705882353,0.4411764705882353
qcircuitbench,swesmith,0.44002955253468207,0.44002955253468207
compilebench,reasoning-gym,0.4357502162978988,0.4357502162978988
aime,strongreject,-0.43529411764705883,0.43529411764705883
strongreject,swebenchpro,-0.43446291594798675,0.43446291594798675
mmau,omnimath,0.43414286955762943,0.43414286955762943
mmau,seal0,0.4323529411764706,0.4323529411764706
reasoning-gym,skillsbench,0.4323529411764706,0.4323529411764706
labbench,usaco,0.4323529411764706,0.4323529411764706
livecodebench,strongreject,-0.4323529411764706,0.4323529411764706
aime,ineqmath,0.4323529411764706,0.4323529411764706
crustbench,swesmith,0.43078055964653905,0.43078055964653905
usaco,widesearch,0.4294117647058823,0.4294117647058823
quixbugs,research-code-bench,0.42804719467771274,0.42804719467771274
bigcodebench,livecodebench,0.4267845158363137,0.4267845158363137
kumo,mmmlu,0.42656931118271957,0.42656931118271957
bfcl,bigcodebench,0.4238411743477874,0.4238411743477874
financeagent_terminal,research-code-bench,0.42361912025001225,0.42361912025001225
bfcl,pixiu,0.4235294117647059,0.4235294117647059
reasoning-gym,spider2,0.4235294117647059,0.4235294117647059
mmau,swesmith,0.4208978328592611,0.4208978328592611
ineqmath,omnimath,0.4208978328592611,0.4208978328592611
skillsbench,strongreject,-0.42058823529411765,0.42058823529411765
gaia2,reasoning-gym,0.41795449137073476,0.41795449137073476
bfcl,crustbench,0.41795449137073476,0.41795449137073476
skillsbench,usaco,0.4176470588235294,0.4176470588235294
reasoning-gym,swesmith,0.41648282062647163,0.41648282062647163
livecodebench,swesmith,0.4150111498822085,0.4150111498822085
kumo,research-code-bench,0.4135911696273726,0.4135911696273726
omnimath,strongreject,-0.4135394791379453,0.4135394791379453
humanevalfix,usaco,0.41261183325480577,0.41261183325480577
bixbench,mmau,0.4117647058823529,0.4117647058823529
bfcl,widesearch,0.4088235294117647,0.4088235294117647
crustbench,usaco,0.4076527961608927,0.4076527961608927
ineqmath,sldbench,0.40294117647058825,0.40294117647058825
gaia,usaco,0.40294117647058825,0.40294117647058825
bfcl,scicode,0.40294117647058825,0.40294117647058825
bigcodebench,seal0,0.3988227716953138,0.3988227716953138
swebenchpro,usaco,0.397644024765954,0.397644024765954
labbench,qcircuitbench,0.3941176470588235,0.3941176470588235
bfcl,strongreject,-0.3941176470588235,0.3941176470588235
deepsynth,labbench,0.3911764705882353,0.3911764705882353
ineqmath,medagentbench,0.3911764705882353,0.3911764705882353
deepsynth,usaco,0.3911764705882353,0.3911764705882353
sldbench,usaco,0.3911764705882353,0.3911764705882353
gaia2,livecodebench,0.3899927472297349,0.3899927472297349
gso,research-code-bench,0.38671850001917496,0.38671850001917496
mmmlu,spider2,0.3864323597654059,0.3864323597654059
algotune,usaco,0.38529411764705884,0.38529411764705884
simpleqa,usaco,0.38529411764705884,0.38529411764705884
scicode,strongreject,-0.38529411764705884,0.38529411764705884
reasoning-gym,sldbench,0.38235294117647056,0.38235294117647056
replicationbench,strongreject,-0.38235294117647056,0.38235294117647056
algotune,research-code-bench,0.38229042559147447,0.38229042559147447
mmmlu,pixiu,0.3805326290819646,0.3805326290819646
strongreject,widesearch,-0.37941176470588234,0.37941176470588234
gso,reasoning-gym,0.37941176470588234,0.37941176470588234
mmau,sldbench,0.37941176470588234,0.37941176470588234
gpqa-diamond,ineqmath,0.37941176470588234,0.37941176470588234
livecodebench,research-code-bench,0.3793383759730075,0.3793383759730075
labbench,quixbugs,0.3735294117647059,0.3735294117647059
bfcl,gaia,0.3735294117647059,0.3735294117647059
gaia2,mmmlu,0.3690045944487193,0.3690045944487193
gpqa-diamond,labbench,0.36764705882352944,0.36764705882352944
crustbench,research-code-bench,0.361892273423951,0.361892273423951
bfcl,simpleqa,0.36176470588235293,0.36176470588235293
research-code-bench,swe-lancer,0.3616260782622056,0.3616260782622056
algotune,mmmlu,0.35988357168992,0.35988357168992
bigcodebench,strongreject,-0.3576159908559456,0.3576159908559456
aider-polyglot,mmmlu,0.35398384100647867,0.35398384100647867
mmmlu,swtbench,0.35398384100647867,0.35398384100647867
bfcl,reasoning-gym,0.35294117647058826,0.35294117647058826
swebench-verified,usaco,0.35294117647058826,0.35294117647058826
crustbench,labbench,0.34731429564610355,0.34731429564610355
research-code-bench,spreadsheetbench,0.3439137805514037,0.3439137805514037
mmmlu,terminal-bench,0.3421843796395961,0.3421843796395961
codepde,mmmlu,-0.34146350789916213,0.34146350789916213
labbench,terminal-bench,0.3411764705882353,0.3411764705882353
research-code-bench,terminal-bench,0.3394857061237032,0.3394857061237032
mmmlu,sldbench,0.33628464895615473,0.33628464895615473
hle,research-code-bench,0.3350576316960027,0.3350576316960027
aime,usaco,0.3323529411764706,0.3323529411764706
bfcl,livecodebench,0.3323529411764706,0.3323529411764706
algotune,ineqmath,0.3323529411764706,0.3323529411764706
medagentbench,usaco,0.3323529411764706,0.3323529411764706
bfcl,quixbugs,0.3323529411764706,0.3323529411764706
aime,research-code-bench,0.33062955726830223,0.33062955726830223
aime,labbench,0.32941176470588235,0.32941176470588235
aider-polyglot,research-code-bench,0.3276775076498353,0.3276775076498353
labbench,swtbench,0.3264705882352941,0.3264705882352941
financeagent_terminal,usaco,0.3264705882352941,0.3264705882352941
codepde,simpleqa,-0.3212977637945464,0.3212977637945464
mmau,strongreject,-0.3205882352941177,0.3205882352941177
labbench,medagentbench,0.3205882352941177,0.3205882352941177
ineqmath,simpleqa,0.3205882352941177,0.3205882352941177
medagentbench,strongreject,-0.3176470588235294,0.3176470588235294
reasoning-gym,strongreject,-0.3176470588235294,0.3176470588235294
research-code-bench,swtbench,0.3143932843667338,0.3143932843667338
gso,mmmlu,0.3126857262223895,0.3126857262223895
bigcodebench,gaia,0.31199419778378795,0.31199419778378795
labbench,scicode,0.31176470588235294,0.31176470588235294
codepde,swebenchpro,0.3107011916235438,0.3107011916235438
bfcl,qcircuitbench,0.3088235294117647,0.3088235294117647
bigcodebench,omnimath,0.3085419734904271,0.3085419734904271
deepsynth,ineqmath,0.3,0.3
ineqmath,widesearch,0.3,0.3
mmmlu,spreadsheetbench,0.29498653417206555,0.29498653417206555
bfcl,sldbench,0.29411764705882354,0.29411764705882354
ineqmath,mmau,0.2911764705882353,0.2911764705882353
reasoning-gym,simpleqa,0.2911764705882353,0.2911764705882353
bigcodebench,research-code-bench,0.2895138187391608,0.2895138187391608
medagentbench,mmmlu,0.28908680348862426,0.28908680348862426
ineqmath,seal0,0.28823529411764703,0.28823529411764703
codepde,swtbench,0.2859255329180826,0.2859255329180826
bfcl,mmau,0.2823529411764706,0.2823529411764706
ineqmath,terminal-bench,0.2823529411764706,0.2823529411764706
codepde,labbench,-0.27560863224578064,0.27560863224578064
labbench,swebench-verified,0.2735294117647059,0.2735294117647059
research-code-bench,swebench-verified,0.273064589708196,0.273064589708196
research-code-bench,sldbench,0.2627324160435616,0.2627324160435616
ineqmath,usaco,0.26176470588235295,0.26176470588235295
ineqmath,scicode,0.25588235294117645,0.25588235294117645
bfcl,seal0,0.2529411764705882,0.2529411764705882
hle,ineqmath,0.2529411764705882,0.2529411764705882
humanevalfix,research-code-bench,0.25208351649955246,0.25208351649955246
mmmlu,scicode,0.2507385540462557,0.2507385540462557
ineqmath,mmmlu,0.2507385540462557,0.2507385540462557
codepde,scicode,0.25055330204161874,0.25055330204161874
omnimath,research-code-bench,0.2496318130965213,0.2496318130965213
codepde,lawbench,0.24907945908843274,0.24907945908843274
humanevalfix,labbench,0.24816508811702087,0.24816508811702087
humanevalfix,mmmlu,0.24739883456076792,0.24739883456076792
ineqmath,quixbugs,0.24705882352941178,0.24705882352941178
simpleqa,strongreject,-0.24411764705882352,0.24411764705882352
bfcl,compilebench,0.23929333911952408,0.23929333911952408
mmmlu,usaco,0.2389390926793731,0.2389390926793731
labbench,swebenchpro,0.2385864148595724,0.2385864148595724
gaia2,ineqmath,0.23693898982636727,0.23693898982636727
pixiu,research-code-bench,0.23616396947735874,0.23616396947735874
crustbench,strongreject,-0.2354673190821041,0.2354673190821041
gaia,strongreject,-0.2323529411764706,0.2323529411764706
algotune,labbench,0.2323529411764706,0.2323529411764706
research-code-bench,swesmith,0.23042936593525043,0.23042936593525043
bigcodebench,simpleqa,0.2295806361050515,0.2295806361050515
mmmlu,qcircuitbench,0.2271396313124905,0.2271396313124905
codepde,research-code-bench,-0.22707125436716433,0.22707125436716433
ineqmath,skillsbench,0.22647058823529412,0.22647058823529412
gso,ineqmath,0.22647058823529412,0.22647058823529412
labbench,sldbench,0.21764705882352942,0.21764705882352942
codepde,gaia2,0.21755185905097563,0.21755185905097563
medagentbench,research-code-bench,0.21549962214808985,0.21549962214808985
lawbench,mmmlu,0.21534016994560787,0.21534016994560787
labbench,lawbench,0.21470588235294116,0.21470588235294116
mmmlu,swebench-verified,0.21239030460388722,0.21239030460388722
gso,usaco,0.2088235294117647,0.2088235294117647
codepde,spreadsheetbench,0.20486417049285296,0.20486417049285296
ineqmath,spreadsheetbench,0.20294117647058824,0.20294117647058824
codepde,ineqmath,0.20191648458648098,0.20191648458648098
codepde,seal0,-0.20191648458648098,0.20191648458648098
algotune,codepde,0.200442641633295,0.200442641633295
bfcl,swtbench,0.2,0.2
bfcl,ineqmath,0.2,0.2
spreadsheetbench,usaco,0.19705882352941176,0.19705882352941176
ineqmath,swesmith,0.18984552600994645,0.18984552600994645
ineqmath,swtbench,0.18823529411764706,0.18823529411764706
crustbench,mmmlu,0.18450229722435965,0.18450229722435965
codepde,gso,0.18423036914824908,0.18423036914824908
codepde,medagentbench,0.18423036914824908,0.18423036914824908
crustbench,ineqmath,0.18395884303289384,0.18395884303289384
gpqa-diamond,research-code-bench,0.18302707634495302,0.18302707634495302
bixbench,codepde,-0.1798088402886911,0.1798088402886911
labbench,spider2,0.17941176470588235,0.17941176470588235
financeagent_terminal,labbench,0.17941176470588235,0.17941176470588235
codepde,crustbench,0.17846627081469865,0.17846627081469865
humanevalfix,ineqmath,0.17790147883087642,0.17790147883087642
codepde,financeagent_terminal,0.17391346847594713,0.17391346847594713
ineqmath,lawbench,0.17352941176470588,0.17352941176470588
codepde,usaco,0.17243962552276113,0.17243962552276113
codepde,humanevalfix,0.15881758365281687,0.15881758365281687
research-code-bench,strongreject,0.15350658016028318,0.15350658016028318
spider2,usaco,0.15294117647058825,0.15294117647058825
bixbench,ineqmath,0.15294117647058825,0.15294117647058825
bigcodebench,usaco,0.15011041591484137,0.15011041591484137
ineqmath,spider2,0.15,0.15
codepde,quixbugs,0.1414889235058553,0.1414889235058553
mmau,simpleqa,0.1411764705882353,0.1411764705882353
mmmlu,swesmith,0.13874572751271846,0.13874572751271846
codepde,omnimath,-0.13790575472044897,0.13790575472044897
ineqmath,swe-lancer,0.13529411764705881,0.13529411764705881
codepde,gaia,-0.12969817988036736,0.12969817988036736
bfcl,codepde,0.12822433692718135,0.12822433692718135
gaia2,usaco,0.12656368400663096,0.12656368400663096
ineqmath,livecodebench,0.12058823529411765,0.12058823529411765
ineqmath,kumo,0.11773365954105205,0.11773365954105205
reasoning-gym,research-code-bench,-0.11512993512021238,0.11512993512021238
codepde,terminal-bench,0.11495975034850742,0.11495975034850742
bfcl,mmmlu,0.11209488298538492,0.11209488298538492
codepde,qcircuitbench,0.11053822148894944,0.11053822148894944
mmmlu,strongreject,-0.10914501764366426,0.10914501764366426
codepde,widesearch,0.10611669262939147,0.10611669262939147
labbench,reasoning-gym,0.10588235294117647,0.10588235294117647
qcircuitbench,research-code-bench,0.09594161260017699,0.09594161260017699
research-code-bench,scicode,0.0944655877909435,0.0944655877909435
bfcl,usaco,0.09411764705882353,0.09411764705882353
gso,labbench,0.09411764705882353,0.09411764705882353
aime,codepde,0.09285210605071753,0.09285210605071753
ineqmath,research-code-bench,0.09151353817247651,0.09151353817247651
lawbench,research-code-bench,0.08856148855400953,0.08856148855400953
codepde,strongreject,0.08843057719115956,0.08843057719115956
codepde,compilebench,0.08808311872200535,0.08808311872200535
ineqmath,replicationbench,0.08235294117647059,0.08235294117647059
codepde,spider2,0.0795875194720436,0.0795875194720436
codepde,swebench-verified,0.0781136765188576,0.0781136765188576
codepde,hle,-0.07663983356567161,0.07663983356567161
arc-agi-2,ineqmath,0.07363778236406555,0.07363778236406555
gaia2,labbench,0.07358353721315754,0.07358353721315754
aider-polyglot,ineqmath,0.07058823529411765,0.07058823529411765
codepde,swe-lancer,0.06779677584655566,0.06779677584655566
labbench,spreadsheetbench,0.06764705882352941,0.06764705882352941
codepde,livecodebench,-0.06632293289336967,0.06632293289336967
codepde,skillsbench,0.06632293289336967,0.06632293289336967
codepde,kumo,-0.06489682575079951,0.06489682575079951
ineqmath,labbench,-0.06470588235294118,0.06470588235294118
labbench,strongreject,0.061764705882352944,0.061764705882352944
labbench,swesmith,0.057395159026262875,0.057395159026262875
compilebench,ineqmath,-0.05613053633667849,0.05613053633667849
bigcodebench,mmmlu,0.056088698356205335,0.056088698356205335
bigcodebench,labbench,0.052980146793473425,0.052980146793473425
swesmith,usaco,0.05150847604921027,0.05150847604921027
arc-agi-2,codepde,-0.04797049276848064,0.04797049276848064
aider-polyglot,codepde,0.04568913154876577,0.04568913154876577
codepde,pixiu,-0.04274144564239379,0.04274144564239379
ineqmath,pixiu,0.041176470588235294,0.041176470588235294
ineqmath,qcircuitbench,0.03823529411764706,0.03823529411764706
codepde,gpqa-diamond,0.03537223087646382,0.03537223087646382
research-code-bench,usaco,-0.03394857061237032,0.03394857061237032
codepde,replicationbench,-0.03389838792327783,0.03389838792327783
bfcl,research-code-bench,0.02804447137543635,0.02804447137543635
codepde,swesmith,0.023598845727563458,0.023598845727563458
mmau,mmmlu,0.02064905739204459,0.02064905739204459
mmau,research-code-bench,0.019188322520035397,0.019188322520035397
bigcodebench,ineqmath,0.019131719675420957,0.019131719675420957
mmmlu,reasoning-gym,0.005899730683441311,0.005899730683441311
codepde,sldbench,0.004421528859557978,0.004421528859557978
codepde,deepsynth,-0.004421528859557978,0.004421528859557978
ineqmath,swebench-verified,-0.0029411764705882353,0.0029411764705882353
ineqmath,strongreject,0.0029411764705882353,0.0029411764705882353
labbench,mmau,0.0029411764705882353,0.0029411764705882353
bfcl,labbench,0.0,0.0
